;FLAVOR:Marlin
;TIME:437
;Filament used: 0.12485m
;Layer height: 0.1
;MINX:97.7
;MINY:101.7
;MINZ:0.1
;MAXX:131.3
;MAXY:135.3
;MAXZ:2
;Generated with Cura_SteamEngine 5.2.2
M140 S50
M105
M190 S50
M104 S200
M105
M109 S200
M82 ;absolute extrusion mode
; Ender 3 Custom Start G-code
G92 E0 ; Reset Extruder
G28 ; Home all axes
G1 Z2.0 F3000 ; Move Z Axis up little to prevent scratching of Heat Bed
G1 X0.1 Y20 Z0.3 F5000.0 ; Move to start position
G1 X0.1 Y200.0 Z0.3 F1500.0 E15 ; Draw the first line
G1 X0.4 Y200.0 Z0.3 F5000.0 ; Move to side a little
G1 X0.4 Y20 Z0.3 F1500.0 E30 ; Draw the second line
G92 E0 ; Reset Extruder
G1 Z2.0 F3000 ; Move Z Axis up little to prevent scratching of Heat Bed
G1 X5 Y20 Z0.3 F5000.0 ; Move over to prevent blob squish
G92 E0
G92 E0
G1 F2700 E-5
;LAYER_COUNT:20
;LAYER:0
M107
G0 F6000 X101.656 Y105.156 Z0.1
;TYPE:SKIRT
G1 F2700 E0
G1 F1200 X102.371 Y104.498 E0.01616
G1 X103.137 Y103.901 E0.03231
G1 X103.95 Y103.369 E0.04847
G1 X104.804 Y102.906 E0.06462
G1 X105.693 Y102.514 E0.08078
G1 X106.611 Y102.197 E0.09693
G1 X107.552 Y101.957 E0.11308
G1 X108.51 Y101.794 E0.12924
G1 X109.477 Y101.712 E0.14538
G1 X110 Y101.7 E0.15408
G1 X119 Y101.7 E0.30375
G1 X119.971 Y101.74 E0.31991
G1 X120.935 Y101.86 E0.33607
G1 X121.885 Y102.058 E0.35221
G1 X122.817 Y102.334 E0.36837
G1 X123.722 Y102.686 E0.38452
G1 X124.596 Y103.111 E0.40068
G1 X125.431 Y103.607 E0.41683
G1 X126.223 Y104.169 E0.43298
G1 X126.966 Y104.795 E0.44914
G1 X127.344 Y105.156 E0.45783
G1 X127.844 Y105.656 E0.46959
G1 X128.502 Y106.371 E0.48575
G1 X129.099 Y107.137 E0.5019
G1 X129.631 Y107.95 E0.51806
G1 X130.094 Y108.804 E0.53421
G1 X130.486 Y109.693 E0.55037
G1 X130.803 Y110.611 E0.56652
G1 X131.043 Y111.552 E0.58267
G1 X131.206 Y112.51 E0.59883
G1 X131.288 Y113.477 E0.61497
G1 X131.3 Y114 E0.62367
G1 X131.3 Y123 E0.77334
G1 X131.26 Y123.971 E0.7895
G1 X131.14 Y124.935 E0.80566
G1 X130.942 Y125.885 E0.8218
G1 X130.666 Y126.817 E0.83796
G1 X130.314 Y127.722 E0.85411
G1 X129.889 Y128.596 E0.87027
G1 X129.393 Y129.431 E0.88642
G1 X128.831 Y130.223 E0.90257
G1 X128.205 Y130.966 E0.91873
G1 X127.844 Y131.344 E0.92742
G1 X127.344 Y131.844 E0.93918
G1 X126.629 Y132.502 E0.95534
G1 X125.863 Y133.099 E0.97149
G1 X125.05 Y133.631 E0.98765
G1 X124.196 Y134.094 E1.0038
G1 X123.307 Y134.486 E1.01996
G1 X122.389 Y134.803 E1.03611
G1 X121.448 Y135.043 E1.05226
G1 X120.49 Y135.206 E1.06842
G1 X119.523 Y135.288 E1.08456
G1 X119 Y135.3 E1.09326
G1 X110 Y135.3 E1.24293
G1 X109.029 Y135.26 E1.25909
G1 X108.065 Y135.14 E1.27525
G1 X107.115 Y134.942 E1.29139
G1 X106.183 Y134.666 E1.30755
G1 X105.278 Y134.314 E1.3237
G1 X104.404 Y133.889 E1.33986
G1 X103.569 Y133.393 E1.35601
G1 X102.777 Y132.831 E1.37216
G1 X102.034 Y132.205 E1.38832
G1 X101.656 Y131.844 E1.39701
G1 X101.156 Y131.344 E1.40877
G1 X100.498 Y130.629 E1.42493
G1 X99.901 Y129.863 E1.44108
G1 X99.369 Y129.05 E1.45724
G1 X98.906 Y128.196 E1.47339
G1 X98.514 Y127.307 E1.48955
G1 X98.197 Y126.389 E1.5057
G1 X97.957 Y125.448 E1.52185
G1 X97.794 Y124.49 E1.53801
G1 X97.712 Y123.523 E1.55415
G1 X97.7 Y123 E1.56285
G1 X97.7 Y114 E1.71252
G1 X97.74 Y113.029 E1.72868
G1 X97.86 Y112.065 E1.74484
G1 X98.058 Y111.115 E1.76098
G1 X98.334 Y110.183 E1.77714
G1 X98.686 Y109.278 E1.79329
G1 X99.111 Y108.404 E1.80945
G1 X99.607 Y107.569 E1.8256
G1 X100.169 Y106.777 E1.84175
G1 X100.795 Y106.034 E1.85791
G1 X101.156 Y105.656 E1.8666
G1 X101.656 Y105.156 E1.87836
G0 F6000 X101.939 Y105.439
G1 F1200 X102.642 Y104.793 E1.89424
G1 X103.396 Y104.208 E1.91011
G1 X104.197 Y103.688 E1.92599
G1 X105.038 Y103.236 E1.94187
G1 X105.915 Y102.857 E1.95776
G1 X106.82 Y102.553 E1.97364
G1 X107.747 Y102.325 E1.98951
G1 X108.69 Y102.176 E2.00539
G1 X110 Y102.1 E2.02721
G1 X119 Y102.1 E2.17688
G1 X119.954 Y102.14 E2.19276
G1 X120.901 Y102.26 E2.20863
G1 X121.835 Y102.458 E2.22451
G1 X122.749 Y102.734 E2.24039
G1 X123.637 Y103.086 E2.25627
G1 X124.492 Y103.51 E2.27215
G1 X125.309 Y104.005 E2.28803
G1 X126.081 Y104.566 E2.3039
G1 X127.061 Y105.439 E2.32573
G1 X127.561 Y105.939 E2.33749
G1 X128.207 Y106.642 E2.35336
G1 X128.792 Y107.396 E2.36923
G1 X129.312 Y108.197 E2.38512
G1 X129.764 Y109.038 E2.40099
G1 X130.143 Y109.915 E2.41688
G1 X130.447 Y110.82 E2.43276
G1 X130.675 Y111.747 E2.44863
G1 X130.824 Y112.69 E2.46451
G1 X130.9 Y114 E2.48633
G1 X130.9 Y123 E2.636
G1 X130.86 Y123.954 E2.65188
G1 X130.74 Y124.901 E2.66776
G1 X130.542 Y125.835 E2.68364
G1 X130.266 Y126.749 E2.69951
G1 X129.914 Y127.637 E2.7154
G1 X129.49 Y128.492 E2.73127
G1 X128.995 Y129.309 E2.74716
G1 X128.434 Y130.081 E2.76303
G1 X127.561 Y131.061 E2.78485
G1 X127.061 Y131.561 E2.79661
G1 X126.358 Y132.207 E2.81249
G1 X125.604 Y132.792 E2.82836
G1 X124.803 Y133.312 E2.84424
G1 X123.962 Y133.764 E2.86012
G1 X123.085 Y134.143 E2.87601
G1 X122.18 Y134.447 E2.89188
G1 X121.253 Y134.675 E2.90776
G1 X120.31 Y134.824 E2.92364
G1 X119 Y134.9 E2.94546
G1 X110 Y134.9 E3.09513
G1 X109.046 Y134.86 E3.11101
G1 X108.099 Y134.74 E3.12688
G1 X107.165 Y134.542 E3.14276
G1 X106.251 Y134.266 E3.15864
G1 X105.363 Y133.914 E3.17452
G1 X104.508 Y133.49 E3.19039
G1 X103.691 Y132.995 E3.20628
G1 X102.919 Y132.434 E3.22215
G1 X101.939 Y131.561 E3.24398
G1 X101.439 Y131.061 E3.25574
G1 X100.793 Y130.358 E3.27161
G1 X100.208 Y129.604 E3.28748
G1 X99.688 Y128.803 E3.30336
G1 X99.236 Y127.962 E3.31924
G1 X98.857 Y127.085 E3.33513
G1 X98.553 Y126.18 E3.35101
G1 X98.325 Y125.253 E3.36688
G1 X98.176 Y124.31 E3.38276
G1 X98.1 Y123 E3.40458
G1 X98.1 Y114 E3.55425
G1 X98.14 Y113.046 E3.57013
G1 X98.26 Y112.099 E3.58601
G1 X98.458 Y111.165 E3.60188
G1 X98.734 Y110.251 E3.61776
G1 X99.086 Y109.363 E3.63365
G1 X99.51 Y108.508 E3.64952
G1 X100.005 Y107.691 E3.6654
G1 X100.566 Y106.919 E3.68127
G1 X101.439 Y105.939 E3.7031
G1 X101.939 Y105.439 E3.71486
G0 F6000 X102.222 Y105.722
G1 F1200 X102.913 Y105.088 E3.73045
G1 X103.655 Y104.514 E3.74606
G1 X104.444 Y104.007 E3.76165
G1 X105.272 Y103.568 E3.77724
G1 X106.136 Y103.201 E3.79285
G1 X107.027 Y102.909 E3.80844
G1 X107.94 Y102.695 E3.82404
G1 X108.868 Y102.558 E3.83964
G1 X110 Y102.5 E3.85849
G1 X119 Y102.5 E4.00816
G1 X119.937 Y102.54 E4.02375
G1 X120.867 Y102.66 E4.03935
G1 X121.784 Y102.858 E4.05495
G1 X122.68 Y103.134 E4.07054
G1 X123.55 Y103.485 E4.08614
G1 X124.386 Y103.909 E4.10173
G1 X125.184 Y104.403 E4.11734
G1 X125.936 Y104.963 E4.13293
G1 X126.778 Y105.722 E4.15178
G1 X127.278 Y106.222 E4.16354
G1 X127.912 Y106.913 E4.17914
G1 X128.486 Y107.655 E4.19474
G1 X128.993 Y108.444 E4.21033
G1 X129.432 Y109.272 E4.22592
G1 X129.799 Y110.136 E4.24153
G1 X130.091 Y111.027 E4.25712
G1 X130.305 Y111.94 E4.27272
G1 X130.442 Y112.868 E4.28832
G1 X130.5 Y114 E4.30717
G1 X130.5 Y123 E4.45684
G1 X130.46 Y123.937 E4.47243
G1 X130.34 Y124.867 E4.48803
G1 X130.142 Y125.784 E4.50363
G1 X129.866 Y126.68 E4.51922
G1 X129.515 Y127.55 E4.53482
G1 X129.091 Y128.386 E4.55041
G1 X128.597 Y129.184 E4.56602
G1 X128.037 Y129.936 E4.58161
G1 X127.278 Y130.778 E4.60046
G1 X126.778 Y131.278 E4.61222
G1 X126.087 Y131.912 E4.62782
G1 X125.345 Y132.486 E4.64342
G1 X124.556 Y132.993 E4.65902
G1 X123.728 Y133.432 E4.6746
G1 X122.864 Y133.799 E4.69021
G1 X121.973 Y134.091 E4.7058
G1 X121.06 Y134.305 E4.7214
G1 X120.132 Y134.442 E4.737
G1 X119 Y134.5 E4.75585
G1 X110 Y134.5 E4.90552
G1 X109.063 Y134.46 E4.92112
G1 X108.133 Y134.34 E4.93671
G1 X107.216 Y134.142 E4.95231
G1 X106.32 Y133.866 E4.9679
G1 X105.45 Y133.515 E4.9835
G1 X104.614 Y133.091 E4.99909
G1 X103.816 Y132.597 E5.0147
G1 X103.064 Y132.037 E5.03029
G1 X102.222 Y131.278 E5.04914
G1 X101.722 Y130.778 E5.0609
G1 X101.088 Y130.087 E5.0765
G1 X100.514 Y129.345 E5.0921
G1 X100.007 Y128.556 E5.1077
G1 X99.568 Y127.728 E5.12328
G1 X99.201 Y126.864 E5.13889
G1 X98.909 Y125.973 E5.15449
G1 X98.695 Y125.06 E5.17008
G1 X98.558 Y124.132 E5.18568
G1 X98.5 Y123 E5.20453
G1 X98.5 Y114 E5.3542
G1 X98.54 Y113.063 E5.3698
G1 X98.66 Y112.133 E5.38539
G1 X98.858 Y111.216 E5.40099
G1 X99.134 Y110.32 E5.41658
G1 X99.485 Y109.45 E5.43219
G1 X99.909 Y108.614 E5.44777
G1 X100.403 Y107.816 E5.46338
G1 X100.963 Y107.064 E5.47897
G1 X101.722 Y106.222 E5.49783
G1 X102.222 Y105.722 E5.50959
G0 F6000 X102.505 Y106.005
G1 F1200 X103.183 Y105.383 E5.52489
G1 X103.913 Y104.822 E5.5402
G1 X104.689 Y104.326 E5.55551
G1 X105.505 Y103.9 E5.57082
G1 X106.355 Y103.546 E5.58613
G1 X107.233 Y103.268 E5.60145
G1 X108.131 Y103.066 E5.61676
G1 X109.044 Y102.943 E5.63208
G1 X110 Y102.9 E5.64799
G1 X119 Y102.9 E5.79766
G1 X119.92 Y102.94 E5.81298
G1 X120.833 Y103.06 E5.82829
G1 X121.732 Y103.258 E5.8436
G1 X122.61 Y103.534 E5.8589
G1 X123.461 Y103.885 E5.87421
G1 X124.279 Y104.308 E5.88953
G1 X125.056 Y104.801 E5.90483
G1 X125.788 Y105.359 E5.92014
G1 X126.495 Y106.005 E5.93606
G1 X126.995 Y106.505 E5.94782
G1 X127.617 Y107.183 E5.96312
G1 X128.178 Y107.913 E5.97844
G1 X128.674 Y108.689 E5.99375
G1 X129.1 Y109.505 E6.00906
G1 X129.454 Y110.355 E6.02437
G1 X129.732 Y111.233 E6.03969
G1 X129.934 Y112.131 E6.05499
G1 X130.057 Y113.044 E6.07031
G1 X130.1 Y114 E6.08623
G1 X130.1 Y123 E6.2359
G1 X130.06 Y123.92 E6.25121
G1 X129.94 Y124.833 E6.26653
G1 X129.742 Y125.732 E6.28184
G1 X129.466 Y126.61 E6.29714
G1 X129.115 Y127.461 E6.31245
G1 X128.692 Y128.279 E6.32777
G1 X128.199 Y129.056 E6.34307
G1 X127.641 Y129.788 E6.35837
G1 X126.995 Y130.495 E6.3743
G1 X126.495 Y130.995 E6.38606
G1 X125.817 Y131.617 E6.40136
G1 X125.087 Y132.178 E6.41667
G1 X124.311 Y132.674 E6.43199
G1 X123.495 Y133.1 E6.4473
G1 X122.645 Y133.454 E6.46261
G1 X121.767 Y133.732 E6.47792
G1 X120.869 Y133.934 E6.49323
G1 X119.956 Y134.057 E6.50855
G1 X119 Y134.1 E6.52447
G1 X110 Y134.1 E6.67414
G1 X109.08 Y134.06 E6.68945
G1 X108.167 Y133.94 E6.70476
G1 X107.268 Y133.742 E6.72007
G1 X106.39 Y133.466 E6.73538
G1 X105.539 Y133.115 E6.75069
G1 X104.721 Y132.692 E6.766
G1 X103.944 Y132.199 E6.78131
G1 X103.212 Y131.641 E6.79661
G1 X102.505 Y130.995 E6.81254
G1 X102.005 Y130.495 E6.8243
G1 X101.383 Y129.817 E6.8396
G1 X100.822 Y129.087 E6.85491
G1 X100.326 Y128.311 E6.87023
G1 X99.9 Y127.495 E6.88553
G1 X99.546 Y126.645 E6.90085
G1 X99.268 Y125.767 E6.91616
G1 X99.066 Y124.869 E6.93147
G1 X98.943 Y123.956 E6.94679
G1 X98.9 Y123 E6.9627
G1 X98.9 Y114 E7.11237
G1 X98.94 Y113.08 E7.12769
G1 X99.06 Y112.167 E7.143
G1 X99.258 Y111.268 E7.15831
G1 X99.534 Y110.39 E7.17362
G1 X99.885 Y109.539 E7.18893
G1 X100.308 Y108.721 E7.20424
G1 X100.801 Y107.944 E7.21954
G1 X101.359 Y107.212 E7.23485
G1 X102.005 Y106.505 E7.25078
G1 X102.505 Y106.005 E7.26254
G0 F6000 X102.788 Y106.288
G1 F1200 X103.454 Y105.678 E7.27755
G1 X104.171 Y105.129 E7.29257
G1 X104.935 Y104.647 E7.30759
G1 X105.738 Y104.233 E7.32262
G1 X106.574 Y103.893 E7.33763
G1 X107.437 Y103.627 E7.35265
G1 X108.32 Y103.439 E7.36766
G1 X109.217 Y103.33 E7.38269
G1 X110 Y103.3 E7.39572
G1 X119 Y103.3 E7.54539
G1 X119.902 Y103.34 E7.5604
G1 X120.797 Y103.46 E7.57542
G1 X121.678 Y103.658 E7.59044
G1 X122.538 Y103.933 E7.60545
G1 X123.371 Y104.284 E7.62048
G1 X124.169 Y104.707 E7.6355
G1 X124.926 Y105.198 E7.65051
G1 X125.637 Y105.755 E7.66553
G1 X126.212 Y106.288 E7.67857
G1 X126.712 Y106.788 E7.69033
G1 X127.322 Y107.454 E7.70535
G1 X127.871 Y108.171 E7.72036
G1 X128.353 Y108.935 E7.73539
G1 X128.767 Y109.738 E7.75041
G1 X129.107 Y110.574 E7.76542
G1 X129.373 Y111.437 E7.78044
G1 X129.561 Y112.32 E7.79545
G1 X129.67 Y113.217 E7.81048
G1 X129.7 Y114 E7.82351
G1 X129.7 Y123 E7.97318
G1 X129.66 Y123.902 E7.98819
G1 X129.54 Y124.797 E8.00321
G1 X129.342 Y125.678 E8.01823
G1 X129.067 Y126.538 E8.03324
G1 X128.716 Y127.371 E8.04828
G1 X128.293 Y128.169 E8.0633
G1 X127.802 Y128.926 E8.0783
G1 X127.245 Y129.637 E8.09332
G1 X126.712 Y130.212 E8.10636
G1 X126.212 Y130.712 E8.11812
G1 X125.546 Y131.322 E8.13314
G1 X124.829 Y131.871 E8.14816
G1 X124.065 Y132.353 E8.16318
G1 X123.262 Y132.767 E8.1782
G1 X122.426 Y133.107 E8.19321
G1 X121.563 Y133.373 E8.20823
G1 X120.68 Y133.561 E8.22324
G1 X119.783 Y133.67 E8.23827
G1 X119 Y133.7 E8.2513
G1 X110 Y133.7 E8.40097
G1 X109.098 Y133.66 E8.41599
G1 X108.203 Y133.54 E8.431
G1 X107.322 Y133.342 E8.44602
G1 X106.462 Y133.067 E8.46104
G1 X105.629 Y132.716 E8.47607
G1 X104.831 Y132.293 E8.49109
G1 X104.074 Y131.802 E8.50609
G1 X103.363 Y131.245 E8.52111
G1 X102.788 Y130.712 E8.53415
G1 X102.288 Y130.212 E8.54591
G1 X101.678 Y129.546 E8.56093
G1 X101.129 Y128.829 E8.57595
G1 X100.647 Y128.065 E8.59097
G1 X100.233 Y127.262 E8.60599
G1 X99.893 Y126.426 E8.621
G1 X99.627 Y125.563 E8.63602
G1 X99.439 Y124.68 E8.65103
G1 X99.33 Y123.783 E8.66606
G1 X99.3 Y123 E8.67909
G1 X99.3 Y114 E8.82876
G1 X99.34 Y113.098 E8.84378
G1 X99.46 Y112.203 E8.8588
G1 X99.658 Y111.322 E8.87381
G1 X99.933 Y110.462 E8.88883
G1 X100.284 Y109.629 E8.90386
G1 X100.707 Y108.831 E8.91888
G1 X101.198 Y108.074 E8.93388
G1 X101.755 Y107.363 E8.9489
G1 X102.288 Y106.788 E8.96194
G1 X102.788 Y106.288 E8.9737
G0 F6000 X103.07 Y106.57
G1 F1200 X103.724 Y105.973 E8.98843
G1 X104.429 Y105.438 E9.00315
G1 X105.179 Y104.968 E9.01787
G1 X105.969 Y104.568 E9.03259
G1 X106.791 Y104.24 E9.04731
G1 X107.64 Y103.989 E9.06203
G1 X108.508 Y103.814 E9.07676
G1 X109.388 Y103.719 E9.09148
G1 X110 Y103.7 E9.10166
G1 X119 Y103.7 E9.25133
G1 X119.884 Y103.74 E9.26605
G1 X120.761 Y103.86 E9.28077
G1 X121.624 Y104.058 E9.29549
G1 X122.465 Y104.333 E9.31021
G1 X123.278 Y104.683 E9.32493
G1 X124.057 Y105.105 E9.33966
G1 X124.793 Y105.596 E9.35437
G1 X125.483 Y106.151 E9.3691
G1 X125.93 Y106.57 E9.37929
G1 X126.43 Y107.07 E9.39105
G1 X127.027 Y107.724 E9.40577
G1 X127.562 Y108.429 E9.42049
G1 X128.032 Y109.179 E9.43521
G1 X128.432 Y109.969 E9.44994
G1 X128.76 Y110.791 E9.46465
G1 X129.011 Y111.64 E9.47938
G1 X129.186 Y112.508 E9.4941
G1 X129.281 Y113.388 E9.50882
G1 X129.3 Y114 E9.519
G1 X129.3 Y123 E9.66868
G1 X129.26 Y123.884 E9.68339
G1 X129.14 Y124.761 E9.69811
G1 X128.942 Y125.624 E9.71284
G1 X128.667 Y126.465 E9.72755
G1 X128.317 Y127.278 E9.74227
G1 X127.895 Y128.057 E9.757
G1 X127.404 Y128.793 E9.77172
G1 X126.849 Y129.483 E9.78644
G1 X126.43 Y129.93 E9.79663
G1 X125.93 Y130.43 E9.80839
G1 X125.276 Y131.027 E9.82312
G1 X124.571 Y131.562 E9.83784
G1 X123.821 Y132.032 E9.85256
G1 X123.031 Y132.432 E9.86728
G1 X122.209 Y132.76 E9.882
G1 X121.36 Y133.011 E9.89672
G1 X120.492 Y133.186 E9.91145
G1 X119.612 Y133.281 E9.92617
G1 X119 Y133.3 E9.93635
G1 X110 Y133.3 E10.08602
G1 X109.116 Y133.26 E10.10074
G1 X108.239 Y133.14 E10.11546
G1 X107.376 Y132.942 E10.13018
G1 X106.535 Y132.667 E10.1449
G1 X105.722 Y132.317 E10.15962
G1 X104.943 Y131.895 E10.17435
G1 X104.207 Y131.404 E10.18906
G1 X103.517 Y130.849 E10.20379
G1 X103.07 Y130.43 E10.21398
G1 X102.57 Y129.93 E10.22574
G1 X101.973 Y129.276 E10.24046
G1 X101.438 Y128.571 E10.25518
G1 X100.968 Y127.821 E10.2699
G1 X100.568 Y127.031 E10.28463
G1 X100.24 Y126.209 E10.29934
G1 X99.989 Y125.36 E10.31407
G1 X99.814 Y124.492 E10.32879
G1 X99.719 Y123.612 E10.34351
G1 X99.7 Y123 E10.35369
G1 X99.7 Y114 E10.50336
G1 X99.74 Y113.116 E10.51808
G1 X99.86 Y112.239 E10.5328
G1 X100.058 Y111.376 E10.54753
G1 X100.333 Y110.535 E10.56224
G1 X100.683 Y109.722 E10.57696
G1 X101.105 Y108.943 E10.59169
G1 X101.596 Y108.207 E10.60641
G1 X102.151 Y107.517 E10.62113
G1 X102.57 Y107.07 E10.63132
G1 X103.07 Y106.57 E10.64308
G0 F6000 X103.353 Y106.853
G1 F1200 X103.994 Y106.269 E10.6575
G1 X104.686 Y105.746 E10.67193
G1 X105.423 Y105.29 E10.68634
G1 X106.198 Y104.903 E10.70075
G1 X107.007 Y104.589 E10.71518
G1 X107.84 Y104.351 E10.72958
G1 X108.692 Y104.191 E10.744
G1 X109.555 Y104.111 E10.75841
G1 X110 Y104.1 E10.76582
G1 X119 Y104.1 E10.91549
G1 X119.866 Y104.14 E10.9299
G1 X120.725 Y104.26 E10.94433
G1 X121.569 Y104.458 E10.95875
G1 X122.391 Y104.733 E10.97316
G1 X123.184 Y105.083 E10.98757
G1 X123.942 Y105.504 E11.00199
G1 X124.657 Y105.993 E11.0164
G1 X125.325 Y106.546 E11.03082
G1 X125.647 Y106.853 E11.03822
G1 X126.147 Y107.353 E11.04998
G1 X126.731 Y107.994 E11.0644
G1 X127.254 Y108.686 E11.07882
G1 X127.71 Y109.423 E11.09324
G1 X128.097 Y110.198 E11.10764
G1 X128.411 Y111.007 E11.12207
G1 X128.649 Y111.84 E11.13648
G1 X128.809 Y112.692 E11.1509
G1 X128.889 Y113.555 E11.16531
G1 X128.9 Y114 E11.17271
G1 X128.9 Y123 E11.32239
G1 X128.86 Y123.866 E11.3368
G1 X128.74 Y124.725 E11.35123
G1 X128.542 Y125.569 E11.36564
G1 X128.267 Y126.391 E11.38006
G1 X127.917 Y127.184 E11.39447
G1 X127.496 Y127.942 E11.40889
G1 X127.007 Y128.657 E11.4233
G1 X126.454 Y129.325 E11.43772
G1 X126.147 Y129.647 E11.44512
G1 X125.647 Y130.147 E11.45688
G1 X125.006 Y130.731 E11.4713
G1 X124.314 Y131.254 E11.48572
G1 X123.577 Y131.71 E11.50014
G1 X122.802 Y132.097 E11.51454
G1 X121.993 Y132.411 E11.52897
G1 X121.16 Y132.649 E11.54338
G1 X120.308 Y132.809 E11.5578
G1 X119.445 Y132.889 E11.57221
G1 X119 Y132.9 E11.57961
G1 X110 Y132.9 E11.72928
G1 X109.134 Y132.86 E11.7437
G1 X108.275 Y132.74 E11.75812
G1 X107.431 Y132.542 E11.77254
G1 X106.609 Y132.267 E11.78696
G1 X105.816 Y131.917 E11.80137
G1 X105.058 Y131.496 E11.81579
G1 X104.343 Y131.007 E11.83019
G1 X103.675 Y130.454 E11.84462
G1 X103.353 Y130.147 E11.85202
G1 X102.853 Y129.647 E11.86377
G1 X102.269 Y129.006 E11.8782
G1 X101.746 Y128.314 E11.89262
G1 X101.29 Y127.577 E11.90703
G1 X100.903 Y126.802 E11.92144
G1 X100.589 Y125.993 E11.93587
G1 X100.351 Y125.16 E11.95028
G1 X100.191 Y124.308 E11.96469
G1 X100.111 Y123.445 E11.97911
G1 X100.1 Y123 E11.98651
G1 X100.1 Y114 E12.13618
G1 X100.14 Y113.134 E12.1506
G1 X100.26 Y112.275 E12.16502
G1 X100.458 Y111.431 E12.17944
G1 X100.733 Y110.609 E12.19385
G1 X101.083 Y109.816 E12.20827
G1 X101.504 Y109.058 E12.22269
G1 X101.993 Y108.343 E12.23709
G1 X102.546 Y107.675 E12.25151
G1 X102.853 Y107.353 E12.25891
G1 X103.353 Y106.853 E12.27067
G0 F6000 X103.636 Y107.136
G1 F1200 X104.263 Y106.565 E12.28477
G1 X104.942 Y106.056 E12.29889
G1 X105.665 Y105.613 E12.31299
G1 X106.427 Y105.24 E12.3271
G1 X107.221 Y104.94 E12.34121
G1 X108.039 Y104.716 E12.35532
G1 X108.875 Y104.571 E12.36943
G1 X110 Y104.5 E12.38817
G1 X119 Y104.5 E12.53784
G1 X119.847 Y104.54 E12.55194
G1 X120.687 Y104.66 E12.56606
G1 X121.512 Y104.858 E12.58017
G1 X122.315 Y105.133 E12.59428
G1 X123.088 Y105.482 E12.60839
G1 X123.824 Y105.902 E12.62248
G1 X124.518 Y106.39 E12.63659
G1 X125.364 Y107.136 E12.65534
G1 X125.864 Y107.636 E12.6671
G1 X126.435 Y108.263 E12.68121
G1 X126.944 Y108.942 E12.69532
G1 X127.387 Y109.665 E12.70942
G1 X127.76 Y110.427 E12.72353
G1 X128.06 Y111.221 E12.73764
G1 X128.284 Y112.039 E12.75175
G1 X128.429 Y112.875 E12.76586
G1 X128.5 Y114 E12.7846
G1 X128.5 Y123 E12.93428
G1 X128.46 Y123.847 E12.94838
G1 X128.34 Y124.687 E12.96249
G1 X128.142 Y125.512 E12.9766
G1 X127.867 Y126.315 E12.99071
G1 X127.518 Y127.088 E13.00482
G1 X127.098 Y127.824 E13.01891
G1 X126.61 Y128.518 E13.03302
G1 X125.864 Y129.364 E13.05178
G1 X125.364 Y129.864 E13.06354
G1 X124.737 Y130.435 E13.07764
G1 X124.058 Y130.944 E13.09175
G1 X123.335 Y131.387 E13.10585
G1 X122.573 Y131.76 E13.11996
G1 X121.779 Y132.06 E13.13408
G1 X120.961 Y132.284 E13.14818
G1 X120.125 Y132.429 E13.16229
G1 X119 Y132.5 E13.18104
G1 X110 Y132.5 E13.33071
G1 X109.153 Y132.46 E13.34481
G1 X108.313 Y132.34 E13.35892
G1 X107.488 Y132.142 E13.37303
G1 X106.685 Y131.867 E13.38714
G1 X105.912 Y131.518 E13.40125
G1 X105.176 Y131.098 E13.41534
G1 X104.482 Y130.61 E13.42945
G1 X103.636 Y129.864 E13.44821
G1 X103.136 Y129.364 E13.45997
G1 X102.565 Y128.737 E13.47407
G1 X102.056 Y128.058 E13.48818
G1 X101.613 Y127.335 E13.50228
G1 X101.24 Y126.573 E13.51639
G1 X100.94 Y125.779 E13.53051
G1 X100.716 Y124.961 E13.54461
G1 X100.571 Y124.125 E13.55872
G1 X100.5 Y123 E13.57747
G1 X100.5 Y114 E13.72714
G1 X100.54 Y113.153 E13.74124
G1 X100.66 Y112.313 E13.75535
G1 X100.858 Y111.488 E13.76946
G1 X101.133 Y110.685 E13.78358
G1 X101.482 Y109.912 E13.79768
G1 X101.902 Y109.176 E13.81177
G1 X102.39 Y108.482 E13.82588
G1 X103.136 Y107.636 E13.84464
G1 X103.636 Y107.136 E13.8564
G0 F6000 X103.919 Y107.419
G1 F1200 X104.533 Y106.861 E13.8702
G1 X105.198 Y106.366 E13.88398
G1 X105.907 Y105.936 E13.89777
G1 X106.654 Y105.577 E13.91155
G1 X107.433 Y105.292 E13.92535
G1 X108.235 Y105.083 E13.93913
G1 X109.054 Y104.952 E13.95293
G1 X110 Y104.9 E13.96868
G1 X119 Y104.9 E14.11835
G1 X119.828 Y104.94 E14.13214
G1 X120.649 Y105.06 E14.14594
G1 X121.454 Y105.258 E14.15972
G1 X122.236 Y105.532 E14.1735
G1 X122.989 Y105.881 E14.1873
G1 X123.704 Y106.301 E14.20109
G1 X124.375 Y106.787 E14.21487
G1 X125.081 Y107.419 E14.23063
G1 X125.581 Y107.919 E14.24239
G1 X126.139 Y108.533 E14.25619
G1 X126.634 Y109.198 E14.26997
G1 X127.064 Y109.907 E14.28376
G1 X127.423 Y110.654 E14.29755
G1 X127.708 Y111.433 E14.31134
G1 X127.917 Y112.235 E14.32512
G1 X128.048 Y113.054 E14.33892
G1 X128.1 Y114 E14.35467
G1 X128.1 Y123 E14.50434
G1 X128.06 Y123.828 E14.51813
G1 X127.94 Y124.649 E14.53193
G1 X127.742 Y125.454 E14.54571
G1 X127.468 Y126.236 E14.55949
G1 X127.119 Y126.989 E14.57329
G1 X126.699 Y127.704 E14.58709
G1 X126.213 Y128.375 E14.60086
G1 X125.581 Y129.081 E14.61662
G1 X125.081 Y129.581 E14.62838
G1 X124.467 Y130.139 E14.64218
G1 X123.802 Y130.634 E14.65596
G1 X123.093 Y131.064 E14.66975
G1 X122.346 Y131.423 E14.68354
G1 X121.567 Y131.708 E14.69733
G1 X120.765 Y131.917 E14.71111
G1 X119.946 Y132.048 E14.72491
G1 X119 Y132.1 E14.74066
G1 X110 Y132.1 E14.89033
G1 X109.172 Y132.06 E14.90412
G1 X108.351 Y131.94 E14.91792
G1 X107.546 Y131.742 E14.9317
G1 X106.764 Y131.468 E14.94548
G1 X106.011 Y131.119 E14.95929
G1 X105.296 Y130.699 E14.97308
G1 X104.625 Y130.213 E14.98685
G1 X103.919 Y129.581 E15.00261
G1 X103.419 Y129.081 E15.01437
G1 X102.861 Y128.467 E15.02817
G1 X102.366 Y127.802 E15.04196
G1 X101.936 Y127.093 E15.05575
G1 X101.577 Y126.346 E15.06953
G1 X101.292 Y125.567 E15.08332
G1 X101.083 Y124.765 E15.09711
G1 X100.952 Y123.946 E15.1109
G1 X100.9 Y123 E15.12665
G1 X100.9 Y114 E15.27633
G1 X100.94 Y113.172 E15.29011
G1 X101.06 Y112.351 E15.30391
G1 X101.258 Y111.546 E15.3177
G1 X101.532 Y110.764 E15.33148
G1 X101.881 Y110.011 E15.34528
G1 X102.301 Y109.296 E15.35907
G1 X102.787 Y108.625 E15.37285
G1 X103.419 Y107.919 E15.3886
G1 X103.919 Y107.419 E15.40036
G0 F6000 X104.202 Y107.702
G1 F1200 X104.802 Y107.158 E15.41383
G1 X105.453 Y106.676 E15.4273
G1 X106.148 Y106.261 E15.44076
G1 X106.88 Y105.917 E15.45421
G1 X107.644 Y105.646 E15.4677
G1 X108.43 Y105.452 E15.48116
G1 X109.231 Y105.336 E15.49462
G1 X110 Y105.3 E15.50742
G1 X119 Y105.3 E15.65709
G1 X119.809 Y105.34 E15.67056
G1 X120.61 Y105.46 E15.68403
G1 X121.395 Y105.657 E15.69749
G1 X122.156 Y105.932 E15.71095
G1 X122.887 Y106.28 E15.72441
G1 X123.581 Y106.699 E15.73789
G1 X124.229 Y107.184 E15.75135
G1 X124.798 Y107.702 E15.76415
G1 X125.298 Y108.202 E15.77591
G1 X125.842 Y108.802 E15.78938
G1 X126.324 Y109.453 E15.80285
G1 X126.739 Y110.148 E15.81631
G1 X127.083 Y110.88 E15.82976
G1 X127.354 Y111.644 E15.84324
G1 X127.548 Y112.43 E15.8567
G1 X127.664 Y113.231 E15.87016
G1 X127.7 Y114 E15.88297
G1 X127.7 Y123 E16.03264
G1 X127.66 Y123.809 E16.04611
G1 X127.54 Y124.61 E16.05958
G1 X127.343 Y125.395 E16.07304
G1 X127.068 Y126.156 E16.08649
G1 X126.72 Y126.887 E16.09996
G1 X126.301 Y127.581 E16.11344
G1 X125.816 Y128.229 E16.1269
G1 X125.298 Y128.798 E16.13969
G1 X124.798 Y129.298 E16.15145
G1 X124.198 Y129.842 E16.16492
G1 X123.547 Y130.324 E16.17839
G1 X122.852 Y130.739 E16.19185
G1 X122.12 Y131.083 E16.20531
G1 X121.356 Y131.354 E16.21879
G1 X120.57 Y131.548 E16.23225
G1 X119.769 Y131.664 E16.24571
G1 X119 Y131.7 E16.25851
G1 X110 Y131.7 E16.40818
G1 X109.191 Y131.66 E16.42165
G1 X108.39 Y131.54 E16.43512
G1 X107.605 Y131.343 E16.44858
G1 X106.844 Y131.068 E16.46204
G1 X106.113 Y130.72 E16.4755
G1 X105.419 Y130.301 E16.48898
G1 X104.771 Y129.816 E16.50244
G1 X104.202 Y129.298 E16.51524
G1 X103.702 Y128.798 E16.527
G1 X103.158 Y128.198 E16.54047
G1 X102.676 Y127.547 E16.55394
G1 X102.261 Y126.852 E16.5674
G1 X101.917 Y126.12 E16.58085
G1 X101.646 Y125.356 E16.59433
G1 X101.452 Y124.57 E16.60779
G1 X101.336 Y123.769 E16.62125
G1 X101.3 Y123 E16.63406
G1 X101.3 Y114 E16.78373
G1 X101.34 Y113.191 E16.7972
G1 X101.46 Y112.39 E16.81067
G1 X101.657 Y111.605 E16.82413
G1 X101.932 Y110.844 E16.83758
G1 X102.28 Y110.113 E16.85105
G1 X102.699 Y109.419 E16.86453
G1 X103.184 Y108.771 E16.87799
G1 X103.702 Y108.202 E16.89079
G1 X104.202 Y107.702 E16.90254
G0 F6000 X104.485 Y107.985
G1 F1200 X105.071 Y107.455 E16.91568
G1 X105.707 Y106.988 E16.92881
G1 X106.387 Y106.587 E16.94193
G1 X107.105 Y106.257 E16.95508
G1 X107.852 Y106.002 E16.9682
G1 X108.621 Y105.823 E16.98133
G1 X109.405 Y105.723 E16.99448
G1 X110 Y105.7 E17.00438
G1 X119 Y105.7 E17.15405
G1 X119.789 Y105.74 E17.16719
G1 X120.569 Y105.859 E17.18031
G1 X121.334 Y106.057 E17.19345
G1 X122.074 Y106.331 E17.20657
G1 X122.783 Y106.679 E17.21971
G1 X123.454 Y107.097 E17.23285
G1 X124.078 Y107.58 E17.24598
G1 X124.515 Y107.985 E17.25588
G1 X125.015 Y108.485 E17.26764
G1 X125.545 Y109.071 E17.28078
G1 X126.012 Y109.707 E17.29391
G1 X126.413 Y110.387 E17.30703
G1 X126.743 Y111.105 E17.32018
G1 X126.998 Y111.852 E17.3333
G1 X127.177 Y112.621 E17.34643
G1 X127.277 Y113.405 E17.35958
G1 X127.3 Y114 E17.36948
G1 X127.3 Y123 E17.51915
G1 X127.26 Y123.789 E17.53229
G1 X127.141 Y124.569 E17.54541
G1 X126.943 Y125.334 E17.55855
G1 X126.669 Y126.074 E17.57167
G1 X126.321 Y126.783 E17.58481
G1 X125.903 Y127.454 E17.59795
G1 X125.42 Y128.078 E17.61108
G1 X125.015 Y128.515 E17.62098
G1 X124.515 Y129.015 E17.63274
G1 X123.929 Y129.545 E17.64588
G1 X123.293 Y130.012 E17.65901
G1 X122.613 Y130.413 E17.67213
G1 X121.895 Y130.743 E17.68527
G1 X121.148 Y130.998 E17.6984
G1 X120.379 Y131.177 E17.71153
G1 X119.595 Y131.277 E17.72468
G1 X119 Y131.3 E17.73458
G1 X110 Y131.3 E17.88425
G1 X109.211 Y131.26 E17.89739
G1 X108.431 Y131.141 E17.91051
G1 X107.666 Y130.943 E17.92365
G1 X106.926 Y130.669 E17.93677
G1 X106.217 Y130.321 E17.94991
G1 X105.546 Y129.903 E17.96305
G1 X104.922 Y129.42 E17.97618
G1 X104.485 Y129.015 E17.98608
G1 X103.985 Y128.515 E17.99784
G1 X103.455 Y127.929 E18.01098
G1 X102.988 Y127.293 E18.0241
G1 X102.587 Y126.613 E18.03723
G1 X102.257 Y125.895 E18.05037
G1 X102.002 Y125.148 E18.0635
G1 X101.823 Y124.379 E18.07663
G1 X101.723 Y123.595 E18.08977
G1 X101.7 Y123 E18.09968
G1 X101.7 Y114 E18.24935
G1 X101.74 Y113.211 E18.26249
G1 X101.859 Y112.431 E18.27561
G1 X102.057 Y111.666 E18.28875
G1 X102.331 Y110.926 E18.30187
G1 X102.679 Y110.217 E18.31501
G1 X103.097 Y109.546 E18.32815
G1 X103.58 Y108.922 E18.34128
G1 X103.985 Y108.485 E18.35118
G1 X104.485 Y107.985 E18.36294
G0 F6000 X104.767 Y108.267
G1 F1200 X105.339 Y107.753 E18.37573
G1 X105.961 Y107.3 E18.38853
G1 X106.626 Y106.914 E18.40131
G1 X107.328 Y106.599 E18.41411
G1 X108.059 Y106.359 E18.42691
G1 X108.81 Y106.196 E18.43969
G1 X109.575 Y106.112 E18.45248
G1 X110 Y106.1 E18.45955
G1 X119 Y106.1 E18.60923
G1 X119.768 Y106.14 E18.62201
G1 X120.528 Y106.259 E18.63481
G1 X121.271 Y106.457 E18.64759
G1 X121.99 Y106.731 E18.66039
G1 X122.676 Y107.078 E18.67318
G1 X123.323 Y107.494 E18.68597
G1 X123.923 Y107.975 E18.69876
G1 X124.233 Y108.267 E18.70584
G1 X124.733 Y108.767 E18.7176
G1 X125.247 Y109.339 E18.73039
G1 X125.7 Y109.961 E18.74318
G1 X126.086 Y110.626 E18.75597
G1 X126.401 Y111.328 E18.76876
G1 X126.641 Y112.059 E18.78156
G1 X126.804 Y112.81 E18.79434
G1 X126.888 Y113.575 E18.80714
G1 X126.9 Y114 E18.81421
G1 X126.9 Y123 E18.96388
G1 X126.86 Y123.768 E18.97667
G1 X126.741 Y124.528 E18.98946
G1 X126.543 Y125.271 E19.00225
G1 X126.269 Y125.99 E19.01504
G1 X125.922 Y126.676 E19.02783
G1 X125.506 Y127.323 E19.04062
G1 X125.025 Y127.923 E19.05341
G1 X124.733 Y128.233 E19.06049
G1 X124.233 Y128.733 E19.07225
G1 X123.661 Y129.247 E19.08504
G1 X123.039 Y129.7 E19.09784
G1 X122.374 Y130.086 E19.11062
G1 X121.672 Y130.401 E19.12342
G1 X120.941 Y130.641 E19.13621
G1 X120.19 Y130.804 E19.14899
G1 X119.425 Y130.888 E19.16179
G1 X119 Y130.9 E19.16886
G1 X110 Y130.9 E19.31853
G1 X109.232 Y130.86 E19.33132
G1 X108.472 Y130.741 E19.34412
G1 X107.729 Y130.543 E19.3569
G1 X107.01 Y130.269 E19.3697
G1 X106.324 Y129.922 E19.38248
G1 X105.677 Y129.506 E19.39528
G1 X105.077 Y129.025 E19.40806
G1 X104.767 Y128.733 E19.41515
G1 X104.267 Y128.233 E19.42691
G1 X103.753 Y127.661 E19.43969
G1 X103.3 Y127.039 E19.45249
G1 X102.914 Y126.374 E19.46528
G1 X102.599 Y125.672 E19.47807
G1 X102.359 Y124.941 E19.49087
G1 X102.196 Y124.19 E19.50365
G1 X102.112 Y123.425 E19.51645
G1 X102.1 Y123 E19.52352
G1 X102.1 Y114 E19.67319
G1 X102.14 Y113.232 E19.68598
G1 X102.259 Y112.472 E19.69877
G1 X102.457 Y111.729 E19.71156
G1 X102.731 Y111.01 E19.72435
G1 X103.078 Y110.324 E19.73714
G1 X103.494 Y109.677 E19.74993
G1 X103.975 Y109.077 E19.76272
G1 X104.267 Y108.767 E19.7698
G1 X104.767 Y108.267 E19.78156
G0 F6000 X105.05 Y108.55
G1 F1200 X105.607 Y108.05 E19.79401
G1 X106.213 Y107.613 E19.80643
G1 X106.863 Y107.242 E19.81888
G1 X107.549 Y106.943 E19.83132
G1 X108.263 Y106.719 E19.84377
G1 X108.996 Y106.572 E19.8562
G1 X110 Y106.5 E19.87294
G1 X119 Y106.5 E20.02261
G1 X119.747 Y106.54 E20.03505
G1 X120.485 Y106.659 E20.04748
G1 X121.207 Y106.857 E20.05993
G1 X121.903 Y107.13 E20.07237
G1 X122.566 Y107.477 E20.08481
G1 X123.189 Y107.892 E20.09726
G1 X123.95 Y108.55 E20.11399
G1 X124.45 Y109.05 E20.12575
G1 X124.95 Y109.607 E20.1382
G1 X125.387 Y110.213 E20.15062
G1 X125.758 Y110.863 E20.16307
G1 X126.057 Y111.549 E20.17551
G1 X126.281 Y112.263 E20.18796
G1 X126.428 Y112.996 E20.20039
G1 X126.5 Y114 E20.21713
G1 X126.5 Y123 E20.3668
G1 X126.46 Y123.747 E20.37924
G1 X126.341 Y124.485 E20.39167
G1 X126.143 Y125.207 E20.40412
G1 X125.87 Y125.903 E20.41655
G1 X125.523 Y126.566 E20.429
G1 X125.108 Y127.189 E20.44145
G1 X124.45 Y127.95 E20.45818
G1 X123.95 Y128.45 E20.46994
G1 X123.393 Y128.95 E20.48238
G1 X122.787 Y129.387 E20.49481
G1 X122.137 Y129.758 E20.50726
G1 X121.451 Y130.057 E20.5197
G1 X120.737 Y130.281 E20.53215
G1 X120.004 Y130.428 E20.54458
G1 X119 Y130.5 E20.56132
G1 X110 Y130.5 E20.71099
G1 X109.253 Y130.46 E20.72343
G1 X108.515 Y130.341 E20.73586
G1 X107.793 Y130.143 E20.74831
G1 X107.097 Y129.87 E20.76074
G1 X106.434 Y129.523 E20.77319
G1 X105.811 Y129.108 E20.78564
G1 X105.05 Y128.45 E20.80237
G1 X104.55 Y127.95 E20.81413
G1 X104.05 Y127.393 E20.82657
G1 X103.613 Y126.787 E20.839
G1 X103.242 Y126.137 E20.85144
G1 X102.943 Y125.451 E20.86389
G1 X102.719 Y124.737 E20.87633
G1 X102.572 Y124.004 E20.88877
G1 X102.5 Y123 E20.90551
G1 X102.5 Y114 E21.05518
G1 X102.54 Y113.253 E21.06762
G1 X102.659 Y112.515 E21.08005
G1 X102.857 Y111.793 E21.0925
G1 X103.13 Y111.097 E21.10493
G1 X103.477 Y110.434 E21.11738
G1 X103.892 Y109.811 E21.12983
G1 X104.55 Y109.05 E21.14656
G1 X105.05 Y108.55 E21.15831
G0 F6000 X105.333 Y108.833
G1 F1200 X105.874 Y108.349 E21.17039
G1 X106.465 Y107.926 E21.18247
G1 X107.099 Y107.572 E21.19455
G1 X107.768 Y107.289 E21.20663
G1 X108.464 Y107.081 E21.21871
G1 X109.179 Y106.951 E21.23079
G1 X110 Y106.9 E21.24447
G1 X119 Y106.9 E21.39414
G1 X119.725 Y106.94 E21.40622
G1 X120.442 Y107.059 E21.41831
G1 X121.141 Y107.257 E21.43039
G1 X121.814 Y107.53 E21.44247
G1 X122.453 Y107.875 E21.45454
G1 X123.05 Y108.289 E21.46662
G1 X123.667 Y108.833 E21.4803
G1 X124.167 Y109.333 E21.49206
G1 X124.651 Y109.874 E21.50413
G1 X125.074 Y110.465 E21.51622
G1 X125.428 Y111.099 E21.5283
G1 X125.711 Y111.768 E21.54038
G1 X125.919 Y112.464 E21.55246
G1 X126.049 Y113.179 E21.56454
G1 X126.1 Y114 E21.57822
G1 X126.1 Y123 E21.72789
G1 X126.06 Y123.725 E21.73997
G1 X125.941 Y124.442 E21.75206
G1 X125.743 Y125.141 E21.76414
G1 X125.47 Y125.814 E21.77621
G1 X125.125 Y126.453 E21.78829
G1 X124.711 Y127.05 E21.80037
G1 X124.167 Y127.667 E21.81405
G1 X123.667 Y128.167 E21.82581
G1 X123.126 Y128.651 E21.83788
G1 X122.535 Y129.074 E21.84997
G1 X121.901 Y129.428 E21.86205
G1 X121.232 Y129.711 E21.87413
G1 X120.536 Y129.919 E21.88621
G1 X119.821 Y130.049 E21.89829
G1 X119 Y130.1 E21.91197
G1 X110 Y130.1 E22.06164
G1 X109.275 Y130.06 E22.07372
G1 X108.558 Y129.941 E22.0858
G1 X107.859 Y129.743 E22.09789
G1 X107.186 Y129.47 E22.10996
G1 X106.547 Y129.125 E22.12204
G1 X105.95 Y128.711 E22.13412
G1 X105.333 Y128.167 E22.1478
G1 X104.833 Y127.667 E22.15956
G1 X104.349 Y127.126 E22.17163
G1 X103.926 Y126.535 E22.18372
G1 X103.572 Y125.901 E22.19579
G1 X103.289 Y125.232 E22.20787
G1 X103.081 Y124.536 E22.21995
G1 X102.951 Y123.821 E22.23204
G1 X102.9 Y123 E22.24572
G1 X102.9 Y114 E22.39539
G1 X102.94 Y113.275 E22.40747
G1 X103.059 Y112.558 E22.41955
G1 X103.257 Y111.859 E22.43163
G1 X103.53 Y111.186 E22.44371
G1 X103.875 Y110.547 E22.45579
G1 X104.289 Y109.95 E22.46787
G1 X104.833 Y109.333 E22.48155
G1 X105.333 Y108.833 E22.49331
G0 F6000 X105.616 Y109.116
G1 F1200 X106.141 Y108.647 E22.50502
G1 X106.716 Y108.241 E22.51672
G1 X107.334 Y107.903 E22.52844
G1 X107.985 Y107.636 E22.54014
G1 X108.663 Y107.446 E22.55185
G1 X109.358 Y107.333 E22.56356
G1 X110 Y107.3 E22.57425
G1 X119 Y107.3 E22.72392
G1 X119.703 Y107.34 E22.73563
G1 X120.397 Y107.459 E22.74734
G1 X121.072 Y107.657 E22.75904
G1 X121.721 Y107.929 E22.77074
G1 X122.335 Y108.274 E22.78245
G1 X122.906 Y108.685 E22.79415
G1 X123.384 Y109.116 E22.80485
G1 X123.884 Y109.616 E22.81661
G1 X124.353 Y110.141 E22.82832
G1 X124.759 Y110.716 E22.84003
G1 X125.097 Y111.334 E22.85174
G1 X125.364 Y111.985 E22.86344
G1 X125.554 Y112.663 E22.87515
G1 X125.667 Y113.358 E22.88686
G1 X125.7 Y114 E22.89755
G1 X125.7 Y123 E23.04722
G1 X125.66 Y123.703 E23.05893
G1 X125.541 Y124.397 E23.07064
G1 X125.343 Y125.072 E23.08234
G1 X125.071 Y125.721 E23.09404
G1 X124.726 Y126.335 E23.10575
G1 X124.315 Y126.906 E23.11745
G1 X123.884 Y127.384 E23.12816
G1 X123.384 Y127.884 E23.13992
G1 X122.859 Y128.353 E23.15162
G1 X122.284 Y128.759 E23.16333
G1 X121.666 Y129.097 E23.17504
G1 X121.015 Y129.364 E23.18674
G1 X120.337 Y129.554 E23.19845
G1 X119.642 Y129.667 E23.21016
G1 X119 Y129.7 E23.22085
G1 X110 Y129.7 E23.37053
G1 X109.297 Y129.66 E23.38224
G1 X108.603 Y129.541 E23.39394
G1 X107.928 Y129.343 E23.40564
G1 X107.279 Y129.071 E23.41735
G1 X106.665 Y128.726 E23.42906
G1 X106.094 Y128.315 E23.44076
G1 X105.616 Y127.884 E23.45146
G1 X105.116 Y127.384 E23.46322
G1 X104.647 Y126.859 E23.47493
G1 X104.241 Y126.284 E23.48663
G1 X103.903 Y125.666 E23.49835
G1 X103.636 Y125.015 E23.51005
G1 X103.446 Y124.337 E23.52176
G1 X103.333 Y123.642 E23.53347
G1 X103.3 Y123 E23.54416
G1 X103.3 Y114 E23.69383
G1 X103.34 Y113.297 E23.70554
G1 X103.459 Y112.603 E23.71725
G1 X103.657 Y111.928 E23.72895
G1 X103.929 Y111.279 E23.74065
G1 X104.274 Y110.665 E23.75236
G1 X104.685 Y110.094 E23.76406
G1 X105.116 Y109.616 E23.77477
G1 X105.616 Y109.116 E23.78652
G0 F6000 X105.899 Y109.399
G1 F1200 X106.408 Y108.946 E23.79786
G1 X106.966 Y108.557 E23.80917
G1 X107.566 Y108.235 E23.82049
G1 X108.2 Y107.986 E23.83182
G1 X108.859 Y107.813 E23.84315
G1 X109.533 Y107.719 E23.85447
G1 X110 Y107.7 E23.86224
G1 X119 Y107.7 E24.01191
G1 X119.68 Y107.74 E24.02324
G1 X120.35 Y107.859 E24.03455
G1 X121.002 Y108.056 E24.04588
G1 X121.626 Y108.328 E24.0572
G1 X122.214 Y108.672 E24.06853
G1 X122.758 Y109.082 E24.07986
G1 X123.101 Y109.399 E24.08763
G1 X123.601 Y109.899 E24.09939
G1 X124.054 Y110.408 E24.11072
G1 X124.443 Y110.966 E24.12203
G1 X124.765 Y111.566 E24.13335
G1 X125.014 Y112.2 E24.14468
G1 X125.187 Y112.859 E24.15601
G1 X125.281 Y113.533 E24.16733
G1 X125.3 Y114 E24.1751
G1 X125.3 Y123 E24.32477
G1 X125.26 Y123.68 E24.3361
G1 X125.141 Y124.35 E24.34742
G1 X124.944 Y125.002 E24.35874
G1 X124.672 Y125.626 E24.37006
G1 X124.328 Y126.214 E24.38139
G1 X123.918 Y126.758 E24.39272
G1 X123.601 Y127.101 E24.40049
G1 X123.101 Y127.601 E24.41225
G1 X122.592 Y128.054 E24.42358
G1 X122.034 Y128.443 E24.43489
G1 X121.434 Y128.765 E24.44621
G1 X120.8 Y129.014 E24.45754
G1 X120.141 Y129.187 E24.46887
G1 X119.467 Y129.281 E24.48019
G1 X119 Y129.3 E24.48796
G1 X110 Y129.3 E24.63763
G1 X109.32 Y129.26 E24.64896
G1 X108.65 Y129.141 E24.66028
G1 X107.998 Y128.944 E24.6716
G1 X107.374 Y128.672 E24.68292
G1 X106.786 Y128.328 E24.69425
G1 X106.242 Y127.918 E24.70558
G1 X105.899 Y127.601 E24.71335
G1 X105.399 Y127.101 E24.72511
G1 X104.946 Y126.592 E24.73644
G1 X104.557 Y126.034 E24.74775
G1 X104.235 Y125.434 E24.75908
G1 X103.986 Y124.8 E24.7704
G1 X103.813 Y124.141 E24.78173
G1 X103.719 Y123.467 E24.79305
G1 X103.7 Y123 E24.80082
G1 X103.7 Y114 E24.95049
G1 X103.74 Y113.32 E24.96182
G1 X103.859 Y112.65 E24.97314
G1 X104.056 Y111.998 E24.98447
G1 X104.328 Y111.374 E24.99579
G1 X104.672 Y110.786 E25.00712
G1 X105.082 Y110.242 E25.01844
G1 X105.399 Y109.899 E25.02621
G1 X105.899 Y109.399 E25.03797
G0 F6000 X106.182 Y109.682
G1 F1200 X106.674 Y109.246 E25.0489
G1 X107.215 Y108.874 E25.05982
G1 X107.797 Y108.57 E25.07074
G1 X108.412 Y108.339 E25.08167
G1 X109.051 Y108.184 E25.0926
G1 X110 Y108.1 E25.10844
G1 X119 Y108.1 E25.25811
G1 X119.656 Y108.14 E25.26904
G1 X120.302 Y108.259 E25.27997
G1 X120.929 Y108.456 E25.2909
G1 X121.527 Y108.728 E25.30182
G1 X122.088 Y109.07 E25.31275
G1 X122.818 Y109.682 E25.32859
G1 X123.318 Y110.182 E25.34035
G1 X123.754 Y110.674 E25.35128
G1 X124.126 Y111.215 E25.3622
G1 X124.43 Y111.797 E25.37312
G1 X124.661 Y112.412 E25.38405
G1 X124.816 Y113.051 E25.39498
G1 X124.9 Y114 E25.41082
G1 X124.9 Y123 E25.56049
G1 X124.86 Y123.656 E25.57142
G1 X124.741 Y124.302 E25.58235
G1 X124.544 Y124.929 E25.59328
G1 X124.272 Y125.527 E25.6042
G1 X123.93 Y126.088 E25.61513
G1 X123.318 Y126.818 E25.63097
G1 X122.818 Y127.318 E25.64273
G1 X122.326 Y127.754 E25.65366
G1 X121.785 Y128.126 E25.66458
G1 X121.203 Y128.43 E25.6755
G1 X120.588 Y128.661 E25.68643
G1 X119.949 Y128.816 E25.69736
G1 X119 Y128.9 E25.7132
G1 X110 Y128.9 E25.86288
G1 X109.344 Y128.86 E25.8738
G1 X108.698 Y128.741 E25.88473
G1 X108.071 Y128.544 E25.89566
G1 X107.473 Y128.272 E25.90658
G1 X106.912 Y127.93 E25.91751
G1 X106.182 Y127.318 E25.93335
G1 X105.682 Y126.818 E25.94511
G1 X105.246 Y126.326 E25.95604
G1 X104.874 Y125.785 E25.96696
G1 X104.57 Y125.203 E25.97788
G1 X104.339 Y124.588 E25.98881
G1 X104.184 Y123.949 E25.99974
G1 X104.1 Y123 E26.01558
G1 X104.1 Y114 E26.16526
G1 X104.14 Y113.344 E26.17619
G1 X104.259 Y112.698 E26.18711
G1 X104.456 Y112.071 E26.19804
G1 X104.728 Y111.473 E26.20896
G1 X105.07 Y110.912 E26.21989
G1 X105.682 Y110.182 E26.23573
G1 X106.182 Y109.682 E26.24749
G0 F6000 X106.464 Y109.964
G1 F1200 X106.939 Y109.547 E26.258
G1 X107.462 Y109.192 E26.26851
G1 X108.026 Y108.906 E26.27903
G1 X108.621 Y108.694 E26.28953
G1 X109.239 Y108.558 E26.30006
G1 X110 Y108.5 E26.31275
G1 X119 Y108.5 E26.46242
G1 X119.631 Y108.54 E26.47294
G1 X120.252 Y108.659 E26.48345
G1 X120.852 Y108.856 E26.49395
G1 X121.424 Y109.127 E26.50448
G1 X121.956 Y109.467 E26.51498
G1 X122.536 Y109.964 E26.52768
G1 X123.036 Y110.464 E26.53944
G1 X123.453 Y110.939 E26.54995
G1 X123.808 Y111.462 E26.56046
G1 X124.094 Y112.026 E26.57098
G1 X124.306 Y112.621 E26.58148
G1 X124.442 Y113.239 E26.59201
G1 X124.5 Y114 E26.6047
G1 X124.5 Y123 E26.75437
G1 X124.46 Y123.631 E26.76488
G1 X124.341 Y124.252 E26.7754
G1 X124.144 Y124.852 E26.7859
G1 X123.873 Y125.424 E26.79643
G1 X123.533 Y125.956 E26.80693
G1 X123.036 Y126.536 E26.81963
G1 X122.536 Y127.036 E26.83139
G1 X122.061 Y127.453 E26.8419
G1 X121.538 Y127.808 E26.85241
G1 X120.974 Y128.094 E26.86293
G1 X120.379 Y128.306 E26.87343
G1 X119.761 Y128.442 E26.88396
G1 X119 Y128.5 E26.89665
G1 X110 Y128.5 E27.04632
G1 X109.369 Y128.46 E27.05683
G1 X108.748 Y128.341 E27.06735
G1 X108.148 Y128.144 E27.07785
G1 X107.576 Y127.873 E27.08838
G1 X107.044 Y127.533 E27.09888
G1 X106.464 Y127.036 E27.11158
G1 X105.964 Y126.536 E27.12334
G1 X105.547 Y126.061 E27.13385
G1 X105.192 Y125.538 E27.14436
G1 X104.906 Y124.974 E27.15488
G1 X104.694 Y124.379 E27.16538
G1 X104.558 Y123.761 E27.17591
G1 X104.5 Y123 E27.1886
G1 X104.5 Y114 E27.33827
G1 X104.54 Y113.369 E27.34878
G1 X104.659 Y112.748 E27.3593
G1 X104.856 Y112.148 E27.3698
G1 X105.127 Y111.576 E27.38033
G1 X105.467 Y111.044 E27.39083
G1 X105.964 Y110.464 E27.40353
G1 X106.464 Y109.964 E27.41529
G0 F6000 X106.747 Y110.247
G1 F1200 X107.203 Y109.848 E27.42536
G1 X107.708 Y109.512 E27.43545
G1 X108.252 Y109.245 E27.44553
G1 X108.827 Y109.052 E27.45562
G1 X109.422 Y108.936 E27.4657
G1 X110 Y108.9 E27.47533
G1 X119 Y108.9 E27.625
G1 X119.605 Y108.94 E27.63508
G1 X120.199 Y109.059 E27.64516
G1 X120.773 Y109.255 E27.65524
G1 X121.316 Y109.526 E27.66533
G1 X121.819 Y109.865 E27.67542
G1 X122.253 Y110.247 E27.68504
G1 X122.753 Y110.747 E27.6968
G1 X123.152 Y111.203 E27.70687
G1 X123.488 Y111.708 E27.71696
G1 X123.755 Y112.252 E27.72704
G1 X123.948 Y112.827 E27.73712
G1 X124.064 Y113.422 E27.74721
G1 X124.1 Y114 E27.75684
G1 X124.1 Y123 E27.90651
G1 X124.06 Y123.605 E27.91659
G1 X123.941 Y124.199 E27.92666
G1 X123.745 Y124.773 E27.93675
G1 X123.474 Y125.316 E27.94684
G1 X123.135 Y125.819 E27.95693
G1 X122.753 Y126.253 E27.96655
G1 X122.253 Y126.753 E27.9783
G1 X121.797 Y127.152 E27.98838
G1 X121.292 Y127.488 E27.99847
G1 X120.748 Y127.755 E28.00855
G1 X120.173 Y127.948 E28.01863
G1 X119.578 Y128.064 E28.02871
G1 X119 Y128.1 E28.03834
G1 X110 Y128.1 E28.18802
G1 X109.395 Y128.06 E28.1981
G1 X108.801 Y127.941 E28.20817
G1 X108.227 Y127.745 E28.21826
G1 X107.684 Y127.474 E28.22835
G1 X107.181 Y127.135 E28.23844
G1 X106.747 Y126.753 E28.24805
G1 X106.247 Y126.253 E28.25981
G1 X105.848 Y125.797 E28.26989
G1 X105.512 Y125.292 E28.27998
G1 X105.245 Y124.748 E28.29006
G1 X105.052 Y124.173 E28.30014
G1 X104.936 Y123.578 E28.31022
G1 X104.9 Y123 E28.31985
G1 X104.9 Y114 E28.46952
G1 X104.94 Y113.395 E28.47961
G1 X105.059 Y112.801 E28.48968
G1 X105.255 Y112.227 E28.49977
G1 X105.526 Y111.684 E28.50986
G1 X105.865 Y111.181 E28.51995
G1 X106.247 Y110.747 E28.52956
G1 X106.747 Y110.247 E28.54132
G0 F6000 X107.03 Y110.53
G1 F1200 X107.467 Y110.15 E28.55095
G1 X107.952 Y109.833 E28.56059
G1 X108.476 Y109.586 E28.57022
G1 X109.029 Y109.414 E28.57985
G1 X109.601 Y109.319 E28.5895
G1 X110 Y109.3 E28.59614
G1 X119 Y109.3 E28.74581
G1 X119.578 Y109.34 E28.75545
G1 X120.145 Y109.459 E28.76508
G1 X120.69 Y109.655 E28.77471
G1 X121.203 Y109.924 E28.78434
G1 X121.674 Y110.261 E28.79398
G1 X121.97 Y110.53 E28.80063
G1 X122.47 Y111.03 E28.81239
G1 X122.85 Y111.467 E28.82202
G1 X123.167 Y111.952 E28.83165
G1 X123.414 Y112.476 E28.84129
G1 X123.586 Y113.029 E28.85092
G1 X123.681 Y113.601 E28.86056
G1 X123.7 Y114 E28.8672
G1 X123.7 Y123 E29.01687
G1 X123.66 Y123.578 E29.02651
G1 X123.541 Y124.145 E29.03614
G1 X123.345 Y124.69 E29.04578
G1 X123.076 Y125.203 E29.05541
G1 X122.739 Y125.674 E29.06504
G1 X122.47 Y125.97 E29.07169
G1 X121.97 Y126.47 E29.08345
G1 X121.533 Y126.85 E29.09308
G1 X121.048 Y127.167 E29.10272
G1 X120.524 Y127.414 E29.11235
G1 X119.971 Y127.586 E29.12198
G1 X119.399 Y127.681 E29.13162
G1 X119 Y127.7 E29.13827
G1 X110 Y127.7 E29.28794
G1 X109.422 Y127.66 E29.29757
G1 X108.855 Y127.541 E29.30721
G1 X108.31 Y127.345 E29.31684
G1 X107.797 Y127.076 E29.32647
G1 X107.326 Y126.739 E29.3361
G1 X107.03 Y126.47 E29.34275
G1 X106.53 Y125.97 E29.35451
G1 X106.15 Y125.533 E29.36414
G1 X105.833 Y125.048 E29.37378
G1 X105.586 Y124.524 E29.38341
G1 X105.414 Y123.971 E29.39304
G1 X105.319 Y123.399 E29.40269
G1 X105.3 Y123 E29.40933
G1 X105.3 Y114 E29.559
G1 X105.34 Y113.422 E29.56864
G1 X105.459 Y112.855 E29.57827
G1 X105.655 Y112.31 E29.5879
G1 X105.924 Y111.797 E29.59754
G1 X106.261 Y111.326 E29.60717
G1 X106.53 Y111.03 E29.61382
G1 X107.03 Y110.53 E29.62558
G0 F6000 X107.313 Y110.813
G1 F1200 X107.73 Y110.453 E29.63474
G1 X108.194 Y110.156 E29.6439
G1 X108.697 Y109.93 E29.65307
G1 X109.227 Y109.779 E29.66224
G1 X110 Y109.7 E29.67516
G1 X119 Y109.7 E29.82483
G1 X119.55 Y109.74 E29.834
G1 X120.088 Y109.859 E29.84316
G1 X120.603 Y110.055 E29.85233
G1 X121.084 Y110.323 E29.86148
G1 X121.687 Y110.813 E29.8744
G1 X122.187 Y111.313 E29.88616
G1 X122.547 Y111.73 E29.89533
G1 X122.844 Y112.194 E29.90449
G1 X123.07 Y112.697 E29.91366
G1 X123.221 Y113.227 E29.92282
G1 X123.3 Y114 E29.93574
G1 X123.3 Y123 E30.08541
G1 X123.26 Y123.55 E30.09459
G1 X123.141 Y124.088 E30.10375
G1 X122.945 Y124.603 E30.11291
G1 X122.677 Y125.084 E30.12207
G1 X122.187 Y125.687 E30.13499
G1 X121.687 Y126.187 E30.14675
G1 X121.27 Y126.547 E30.15591
G1 X120.806 Y126.844 E30.16507
G1 X120.303 Y127.07 E30.17424
G1 X119.773 Y127.221 E30.18341
G1 X119 Y127.3 E30.19633
G1 X110 Y127.3 E30.346
G1 X109.45 Y127.26 E30.35517
G1 X108.912 Y127.141 E30.36433
G1 X108.397 Y126.945 E30.3735
G1 X107.916 Y126.677 E30.38266
G1 X107.313 Y126.187 E30.39558
G1 X106.813 Y125.687 E30.40734
G1 X106.453 Y125.27 E30.4165
G1 X106.156 Y124.806 E30.42566
G1 X105.93 Y124.303 E30.43483
G1 X105.779 Y123.773 E30.44399
G1 X105.7 Y123 E30.45692
G1 X105.7 Y114 E30.60659
G1 X105.74 Y113.45 E30.61576
G1 X105.859 Y112.912 E30.62492
G1 X106.055 Y112.397 E30.63408
G1 X106.323 Y111.916 E30.64324
G1 X106.813 Y111.313 E30.65616
G1 X107.313 Y110.813 E30.66792
G0 F6000 X107.596 Y111.096
G1 F1200 X107.992 Y110.757 E30.67659
G1 X108.434 Y110.482 E30.68525
G1 X108.914 Y110.278 E30.69392
G1 X109.419 Y110.15 E30.70259
G1 X110 Y110.1 E30.71228
G1 X119 Y110.1 E30.86195
G1 X119.52 Y110.14 E30.87063
G1 X120.027 Y110.259 E30.87929
G1 X120.51 Y110.454 E30.88795
G1 X120.958 Y110.72 E30.89661
G1 X121.404 Y111.096 E30.90632
G1 X121.904 Y111.596 E30.91807
G1 X122.243 Y111.992 E30.92674
G1 X122.518 Y112.434 E30.9354
G1 X122.722 Y112.914 E30.94407
G1 X122.85 Y113.419 E30.95274
G1 X122.9 Y114 E30.96244
G1 X122.9 Y123 E31.11211
G1 X122.86 Y123.52 E31.12078
G1 X122.741 Y124.027 E31.12944
G1 X122.546 Y124.51 E31.1381
G1 X122.28 Y124.958 E31.14677
G1 X121.904 Y125.404 E31.15647
G1 X121.404 Y125.904 E31.16823
G1 X121.008 Y126.243 E31.1769
G1 X120.566 Y126.518 E31.18555
G1 X120.086 Y126.722 E31.19423
G1 X119.581 Y126.85 E31.20289
G1 X119 Y126.9 E31.21259
G1 X110 Y126.9 E31.36226
G1 X109.48 Y126.86 E31.37093
G1 X108.973 Y126.741 E31.37959
G1 X108.49 Y126.546 E31.38825
G1 X108.042 Y126.28 E31.39692
G1 X107.596 Y125.904 E31.40662
G1 X107.096 Y125.404 E31.41838
G1 X106.757 Y125.008 E31.42705
G1 X106.482 Y124.566 E31.43571
G1 X106.278 Y124.086 E31.44438
G1 X106.15 Y123.581 E31.45304
G1 X106.1 Y123 E31.46274
G1 X106.1 Y114 E31.61241
G1 X106.14 Y113.48 E31.62108
G1 X106.259 Y112.973 E31.62974
G1 X106.454 Y112.49 E31.63841
G1 X106.72 Y112.042 E31.64707
G1 X107.096 Y111.596 E31.65677
G1 X107.596 Y111.096 E31.66853
G0 F6000 X107.879 Y111.379
G1 F1200 X108.252 Y111.062 E31.67667
G1 X108.672 Y110.81 E31.68482
G1 X109.127 Y110.63 E31.69296
G1 X109.605 Y110.526 E31.70109
G1 X110 Y110.5 E31.70767
G1 X119 Y110.5 E31.85734
G1 X119.488 Y110.54 E31.86549
G1 X119.963 Y110.659 E31.87363
G1 X120.412 Y110.853 E31.88176
G1 X120.824 Y111.118 E31.88991
G1 X121.121 Y111.379 E31.89649
G1 X121.621 Y111.879 E31.90825
G1 X121.938 Y112.252 E31.91639
G1 X122.19 Y112.672 E31.92453
G1 X122.37 Y113.127 E31.93267
G1 X122.474 Y113.605 E31.9408
G1 X122.5 Y114 E31.94739
G1 X122.5 Y123 E32.09706
G1 X122.46 Y123.488 E32.1052
G1 X122.341 Y123.963 E32.11334
G1 X122.147 Y124.412 E32.12148
G1 X121.882 Y124.824 E32.12962
G1 X121.621 Y125.121 E32.1362
G1 X121.121 Y125.621 E32.14796
G1 X120.748 Y125.938 E32.1561
G1 X120.328 Y126.19 E32.16424
G1 X119.873 Y126.37 E32.17238
G1 X119.395 Y126.474 E32.18052
G1 X119 Y126.5 E32.1871
G1 X110 Y126.5 E32.33677
G1 X109.512 Y126.46 E32.34491
G1 X109.037 Y126.341 E32.35306
G1 X108.588 Y126.147 E32.36119
G1 X108.176 Y125.882 E32.36934
G1 X107.879 Y125.621 E32.37591
G1 X107.379 Y125.121 E32.38767
G1 X107.062 Y124.748 E32.39581
G1 X106.81 Y124.328 E32.40396
G1 X106.63 Y123.873 E32.41209
G1 X106.526 Y123.395 E32.42023
G1 X106.5 Y123 E32.42681
G1 X106.5 Y114 E32.57648
G1 X106.54 Y113.512 E32.58463
G1 X106.659 Y113.037 E32.59277
G1 X106.853 Y112.588 E32.6009
G1 X107.118 Y112.176 E32.60905
G1 X107.379 Y111.879 E32.61563
G1 X107.879 Y111.379 E32.62739
G0 F6000 X108.162 Y111.662
G1 F1200 X108.511 Y111.369 E32.63496
G1 X108.906 Y111.142 E32.64254
G1 X109.334 Y110.987 E32.65011
G1 X110 Y110.9 E32.66128
G1 X119 Y110.9 E32.81095
G1 X119.454 Y110.94 E32.81853
G1 X119.894 Y111.058 E32.8261
G1 X120.306 Y111.252 E32.83368
G1 X120.838 Y111.662 E32.84485
G1 X121.338 Y112.162 E32.85661
G1 X121.631 Y112.511 E32.86419
G1 X121.858 Y112.906 E32.87176
G1 X122.013 Y113.334 E32.87933
G1 X122.1 Y114 E32.8905
G1 X122.1 Y123 E33.04017
G1 X122.06 Y123.454 E33.04775
G1 X121.942 Y123.894 E33.05533
G1 X121.748 Y124.306 E33.0629
G1 X121.338 Y124.838 E33.07407
G1 X120.838 Y125.338 E33.08583
G1 X120.489 Y125.631 E33.09341
G1 X120.094 Y125.858 E33.10098
G1 X119.666 Y126.013 E33.10855
G1 X119 Y126.1 E33.11972
G1 X110 Y126.1 E33.26939
G1 X109.546 Y126.06 E33.27697
G1 X109.106 Y125.942 E33.28455
G1 X108.694 Y125.748 E33.29212
G1 X108.162 Y125.338 E33.30329
G1 X107.662 Y124.838 E33.31505
G1 X107.369 Y124.489 E33.32263
G1 X107.142 Y124.094 E33.33021
G1 X106.987 Y123.666 E33.33778
G1 X106.9 Y123 E33.34895
G1 X106.9 Y114 E33.49862
G1 X106.94 Y113.546 E33.5062
G1 X107.058 Y113.106 E33.51377
G1 X107.252 Y112.694 E33.52134
G1 X107.662 Y112.162 E33.53251
G1 X108.162 Y111.662 E33.54427
G0 F6000 X108.444 Y111.944
G1 F1200 X108.768 Y111.678 E33.55124
G1 X109.135 Y111.477 E33.5582
G1 X109.535 Y111.35 E33.56518
G1 X110 Y111.3 E33.57296
G1 X119 Y111.3 E33.72263
G1 X119.417 Y111.34 E33.7296
G1 X119.819 Y111.458 E33.73656
G1 X120.191 Y111.651 E33.74353
G1 X120.556 Y111.944 E33.75132
G1 X121.056 Y112.444 E33.76308
G1 X121.322 Y112.768 E33.77005
G1 X121.523 Y113.135 E33.77701
G1 X121.65 Y113.535 E33.78399
G1 X121.7 Y114 E33.79176
G1 X121.7 Y123 E33.94143
G1 X121.66 Y123.417 E33.9484
G1 X121.542 Y123.819 E33.95537
G1 X121.349 Y124.191 E33.96234
G1 X121.056 Y124.556 E33.97012
G1 X120.556 Y125.056 E33.98188
G1 X120.232 Y125.322 E33.98885
G1 X119.865 Y125.523 E33.99581
G1 X119.465 Y125.65 E34.00279
G1 X119 Y125.7 E34.01057
G1 X110 Y125.7 E34.16024
G1 X109.583 Y125.66 E34.1672
G1 X109.181 Y125.542 E34.17417
G1 X108.809 Y125.349 E34.18114
G1 X108.444 Y125.056 E34.18893
G1 X107.944 Y124.556 E34.20068
G1 X107.678 Y124.232 E34.20766
G1 X107.477 Y123.865 E34.21461
G1 X107.35 Y123.465 E34.22159
G1 X107.3 Y123 E34.22937
G1 X107.3 Y114 E34.37904
G1 X107.34 Y113.583 E34.38601
G1 X107.458 Y113.181 E34.39298
G1 X107.651 Y112.809 E34.39995
G1 X107.944 Y112.444 E34.40773
G1 X108.444 Y111.944 E34.41949
G0 F6000 X108.727 Y112.227
G1 F1200 X109.022 Y111.989 E34.42579
G1 X109.36 Y111.818 E34.43209
G1 X109.726 Y111.721 E34.43839
G1 X110 Y111.7 E34.44296
G1 X119 Y111.7 E34.59263
G1 X119.377 Y111.74 E34.59893
G1 X119.737 Y111.858 E34.60523
G1 X120.064 Y112.048 E34.61152
G1 X120.273 Y112.227 E34.6161
G1 X120.773 Y112.727 E34.62786
G1 X121.011 Y113.022 E34.63416
G1 X121.182 Y113.36 E34.64046
G1 X121.279 Y113.726 E34.64676
G1 X121.3 Y114 E34.65133
G1 X121.3 Y123 E34.801
G1 X121.26 Y123.377 E34.8073
G1 X121.142 Y123.737 E34.8136
G1 X120.952 Y124.064 E34.81989
G1 X120.773 Y124.273 E34.82447
G1 X120.273 Y124.773 E34.83623
G1 X119.978 Y125.011 E34.84253
G1 X119.64 Y125.182 E34.84883
G1 X119.274 Y125.279 E34.85513
G1 X119 Y125.3 E34.8597
G1 X110 Y125.3 E35.00937
G1 X109.623 Y125.26 E35.01567
G1 X109.263 Y125.142 E35.02197
G1 X108.936 Y124.952 E35.02826
G1 X108.727 Y124.773 E35.03284
G1 X108.227 Y124.273 E35.0446
G1 X107.989 Y123.978 E35.0509
G1 X107.818 Y123.64 E35.0572
G1 X107.721 Y123.274 E35.0635
G1 X107.7 Y123 E35.06807
G1 X107.7 Y114 E35.21774
G1 X107.74 Y113.623 E35.22404
G1 X107.858 Y113.263 E35.23034
G1 X108.048 Y112.936 E35.23663
G1 X108.227 Y112.727 E35.24121
G1 X108.727 Y112.227 E35.25297
G0 F6000 X109.01 Y112.51
G1 F1200 X109.273 Y112.304 E35.25852
G1 X109.577 Y112.165 E35.26408
G1 X110 Y112.1 E35.2712
G1 X119 Y112.1 E35.42087
G1 X119.332 Y112.14 E35.42643
G1 X119.644 Y112.257 E35.43197
G1 X119.99 Y112.51 E35.4391
G1 X120.49 Y113.01 E35.45086
G1 X120.696 Y113.273 E35.45642
G1 X120.835 Y113.577 E35.46197
G1 X120.9 Y114 E35.46909
G1 X120.9 Y123 E35.61876
G1 X120.86 Y123.332 E35.62432
G1 X120.743 Y123.644 E35.62986
G1 X120.49 Y123.99 E35.63699
G1 X119.99 Y124.49 E35.64875
G1 X119.727 Y124.696 E35.65431
G1 X119.423 Y124.835 E35.65987
G1 X119 Y124.9 E35.66698
G1 X110 Y124.9 E35.81665
G1 X109.668 Y124.86 E35.82222
G1 X109.356 Y124.743 E35.82776
G1 X109.01 Y124.49 E35.83489
G1 X108.51 Y123.99 E35.84664
G1 X108.304 Y123.727 E35.8522
G1 X108.165 Y123.423 E35.85776
G1 X108.1 Y123 E35.86488
G1 X108.1 Y114 E36.01455
G1 X108.14 Y113.668 E36.02011
G1 X108.257 Y113.356 E36.02565
G1 X108.51 Y113.01 E36.03278
G1 X109.01 Y112.51 E36.04454
G0 F6000 X109.293 Y112.793
G1 F1200 X109.519 Y112.624 E36.04923
G1 X109.846 Y112.5 E36.05505
G1 X119 Y112.5 E36.20728
G1 X119.279 Y112.54 E36.21196
G1 X119.598 Y112.684 E36.21778
G1 X120.207 Y113.293 E36.23211
G1 X120.376 Y113.519 E36.2368
G1 X120.5 Y113.846 E36.24262
G1 X120.5 Y123 E36.39485
G1 X120.46 Y123.279 E36.39954
G1 X120.316 Y123.598 E36.40536
G1 X119.707 Y124.207 E36.41968
G1 X119.481 Y124.376 E36.42437
G1 X119.154 Y124.5 E36.43019
G1 X110 Y124.5 E36.58242
G1 X109.721 Y124.46 E36.58711
G1 X109.402 Y124.316 E36.59293
G1 X108.793 Y123.707 E36.60725
G1 X108.624 Y123.481 E36.61194
G1 X108.5 Y123.154 E36.61776
G1 X108.5 Y114 E36.76999
G1 X108.54 Y113.721 E36.77468
G1 X108.684 Y113.402 E36.7805
G1 X109.293 Y112.793 E36.79482
G0 F6000 X109.576 Y113.076
G1 F1200 X109.755 Y112.952 E36.79844
G1 X110 Y112.9 E36.80261
G1 X119 Y112.9 E36.95228
G1 X119.215 Y112.94 E36.95591
G1 X119.424 Y113.076 E36.96006
G1 X119.924 Y113.576 E36.97182
G1 X120.048 Y113.755 E36.97544
G1 X120.1 Y114 E36.97961
G1 X120.1 Y123 E37.12928
G1 X120.06 Y123.215 E37.13291
G1 X119.924 Y123.424 E37.13706
G1 X119.424 Y123.924 E37.14882
G1 X119.245 Y124.048 E37.15244
G1 X119 Y124.1 E37.15661
G1 X110 Y124.1 E37.30628
G1 X109.785 Y124.06 E37.30991
G1 X109.576 Y123.924 E37.31406
G1 X109.076 Y123.424 E37.32582
G1 X108.952 Y123.245 E37.32944
G1 X108.9 Y123 E37.33361
G1 X108.9 Y114 E37.48328
G1 X108.94 Y113.785 E37.48691
G1 X109.076 Y113.576 E37.49106
G1 X109.576 Y113.076 E37.50282
G0 F6000 X109.859 Y113.359
G1 F1200 X110 Y113.3 E37.50536
G1 X119 Y113.3 E37.65503
G1 X119.141 Y113.359 E37.65757
G1 X119.641 Y113.859 E37.66933
G1 X119.7 Y114 E37.67188
G1 X119.7 Y123 E37.82155
G1 X119.641 Y123.141 E37.82409
G1 X119.141 Y123.641 E37.83585
G1 X119 Y123.7 E37.83839
G1 X110 Y123.7 E37.98806
G1 X109.859 Y123.641 E37.9906
G1 X109.359 Y123.141 E38.00236
G1 X109.3 Y123 E38.0049
G1 X109.3 Y114 E38.15457
G1 X109.359 Y113.859 E38.15711
G1 X109.859 Y113.359 E38.16887
;MESH:shim_v7.stl
G0 F6000 X110.173 Y113.918
G0 X110.5 Y114.5
;TYPE:WALL-INNER
G1 F1200 X110.5 Y122.5 E38.30191
G1 X118.5 Y122.5 E38.43495
G1 X118.5 Y114.5 E38.568
G1 X110.5 Y114.5 E38.70104
G0 F6000 X110.1 Y114.25
G1 F1200 X110.1 Y122.75 E38.84239
G1 X110.25 Y122.9 E38.84592
G1 X118.75 Y122.9 E38.98727
G1 X118.9 Y122.75 E38.9908
G1 X118.9 Y114.25 E39.13216
G1 X118.75 Y114.1 E39.13569
G1 X110.25 Y114.1 E39.27704
G1 X110.1 Y114.25 E39.28057
G0 F6000 X109.7 Y114.084
;TYPE:WALL-OUTER
G1 F1200 X109.7 Y122.916 E39.42745
G1 X110.084 Y123.3 E39.43648
G1 X118.916 Y123.3 E39.58335
G1 X119.3 Y122.916 E39.59239
G1 X119.3 Y114.084 E39.73926
G1 X118.916 Y113.7 E39.74829
G1 X110.084 Y113.7 E39.89517
G1 X109.7 Y114.084 E39.9042
G0 F6000 X110.392 Y114.37
G0 X110.6 Y114.82
G0 X110.82 Y114.82
;TYPE:SKIN
G1 F1200 X110.82 Y118.5 E39.96662
G1 X110.82 Y122.18 E40.02905
G1 X118.18 Y122.18 E40.15389
G1 X118.18 Y114.82 E40.27874
G1 X110.82 Y114.82 E40.40358
G0 F6000 X110.6 Y114.82
G0 X118.328 Y114.672
G0 X118.4 Y115.151
G0 X117.98 Y115.151
G1 F1200 X117.847 Y115.019 E40.40676
G0 F6000 X117.282 Y115.019
G1 F1200 X117.98 Y115.717 E40.4235
G0 F6000 X117.98 Y116.283
G1 F1200 X116.716 Y115.019 E40.45383
G0 F6000 X116.15 Y115.019
G1 F1200 X117.98 Y116.848 E40.49771
G0 F6000 X117.98 Y117.414
G1 F1200 X115.585 Y115.019 E40.55517
G0 F6000 X115.019 Y115.019
G1 F1200 X117.98 Y117.98 E40.6262
G0 F6000 X117.98 Y118.545
G1 F1200 X114.453 Y115.019 E40.71079
G0 F6000 X113.888 Y115.019
G1 F1200 X117.98 Y119.111 E40.80896
G0 F6000 X117.98 Y119.677
G1 F1200 X113.322 Y115.019 E40.9207
G0 F6000 X112.756 Y115.019
G1 F1200 X117.98 Y120.242 E41.046
G0 F6000 X117.98 Y120.808
G1 F1200 X112.19 Y115.019 E41.18489
G0 F6000 X111.625 Y115.019
G1 F1200 X117.98 Y121.374 E41.33734
G0 F6000 X117.98 Y121.939
G1 F1200 X111.059 Y115.019 E41.50335
G0 F6000 X111.02 Y115.545
G1 F1200 X117.453 Y121.978 E41.65767
G0 F6000 X116.887 Y121.978
G1 F1200 X111.02 Y116.111 E41.79841
G0 F6000 X111.02 Y116.676
G1 F1200 X116.321 Y121.978 E41.92559
G0 F6000 X115.756 Y121.978
G1 F1200 X111.02 Y117.242 E42.0392
G0 F6000 X111.02 Y117.808
G1 F1200 X115.19 Y121.978 E42.13923
G0 F6000 X114.624 Y121.978
G1 F1200 X111.02 Y118.373 E42.2257
G0 F6000 X111.02 Y118.939
G1 F1200 X114.059 Y121.978 E42.2986
G0 F6000 X113.493 Y121.978
G1 F1200 X111.02 Y119.505 E42.35793
G0 F6000 X111.02 Y120.07
G1 F1200 X112.927 Y121.978 E42.40369
G0 F6000 X112.362 Y121.978
G1 F1200 X111.02 Y120.636 E42.43588
G0 F6000 X111.02 Y121.202
G1 F1200 X111.796 Y121.978 E42.4545
G0 F6000 X111.23 Y121.978
G1 F1200 X111.02 Y121.768 E42.45953
;MESH:NONMESH
G0 F300 X111.02 Y121.768 Z0.2
G0 F6000 X110.6 Y121.768
G0 X110.5 Y114.5
;TIME_ELAPSED:136.572600
;LAYER:1
M106 S85
;TYPE:WALL-INNER
;MESH:shim_v7.stl
G1 F1350 X110.5 Y122.5 E42.59257
G1 X118.5 Y122.5 E42.72561
G1 X118.5 Y114.5 E42.85865
G1 X110.5 Y114.5 E42.9917
G0 F6600 X110.25 Y114.1
G1 F1350 X110.1 Y114.25 E42.99522
G1 X110.1 Y114.355 E42.99697
G1 X110.1 Y122.75 E43.13658
G1 X110.25 Y122.9 E43.14011
G1 X118.75 Y122.9 E43.28146
G1 X118.9 Y122.75 E43.28499
G1 X118.9 Y114.25 E43.42635
G1 X118.75 Y114.1 E43.42987
G1 X110.25 Y114.1 E43.57123
G0 F6600 X110.084 Y113.7
;TYPE:WALL-OUTER
G1 F1350 X109.7 Y114.084 E43.58026
G1 X109.7 Y114.355 E43.58477
G1 X109.7 Y122.916 E43.72714
G1 X110.084 Y123.3 E43.73617
G1 X118.916 Y123.3 E43.88304
G1 X119.3 Y122.916 E43.89208
G1 X119.3 Y114.084 E44.03895
G1 X118.916 Y113.7 E44.04798
G1 X110.084 Y113.7 E44.19486
G0 F6600 X110.37 Y114.392
G0 X110.6 Y114.82
G0 X110.82 Y114.82
;TYPE:SKIN
G1 F1200 X110.82 Y122.18 E44.31971
G1 X118.18 Y122.18 E44.44455
G1 X118.18 Y114.82 E44.5694
G1 X110.82 Y114.82 E44.69424
G0 F6600 X111.254 Y115.019
G1 F1200 X111.02 Y115.254 E44.69987
G0 F6600 X111.02 Y115.819
G1 F1200 X111.82 Y115.019 E44.71906
G0 F6600 X112.386 Y115.019
G1 F1200 X111.02 Y116.385 E44.75183
G0 F6600 X111.02 Y116.951
G1 F1200 X112.951 Y115.019 E44.79816
G0 F6600 X113.517 Y115.019
G1 F1200 X111.02 Y117.516 E44.85806
G0 F6600 X111.02 Y118.082
G1 F1200 X114.083 Y115.019 E44.93154
G0 F6600 X114.648 Y115.019
G1 F1200 X111.02 Y118.648 E45.01858
G0 F6600 X111.02 Y119.213
G1 F1200 X115.214 Y115.019 E45.11919
G0 F6600 X115.78 Y115.019
G1 F1200 X111.02 Y119.779 E45.23338
G0 F6600 X111.02 Y120.345
G1 F1200 X116.345 Y115.019 E45.36113
G0 F6600 X116.911 Y115.019
G1 F1200 X111.02 Y120.911 E45.50246
G0 F6600 X111.02 Y121.476
G1 F1200 X117.477 Y115.019 E45.65736
G0 F6600 X117.979 Y115.083
G1 F1200 X111.082 Y121.979 E45.8228
G0 F6600 X111.648 Y121.979
G1 F1200 X117.979 Y115.648 E45.97467
G0 F6600 X117.979 Y116.214
G1 F1200 X112.214 Y121.979 E46.11296
G0 F6600 X112.779 Y121.979
G1 F1200 X117.979 Y116.78 E46.23769
G0 F6600 X117.979 Y117.345
G1 F1200 X113.345 Y121.979 E46.34886
G0 F6600 X113.911 Y121.979
G1 F1200 X117.979 Y117.911 E46.44645
G0 F6600 X117.979 Y118.477
G1 F1200 X114.477 Y121.979 E46.53045
G0 F6600 X115.042 Y121.979
G1 F1200 X117.979 Y119.042 E46.60091
G0 F6600 X117.979 Y119.608
G1 F1200 X115.608 Y121.979 E46.65779
G0 F6600 X116.174 Y121.979
G1 F1200 X117.979 Y120.174 E46.70109
G0 F6600 X117.979 Y120.739
G1 F1200 X116.739 Y121.979 E46.73083
G0 F6600 X117.305 Y121.979
G1 F1200 X117.979 Y121.305 E46.747
G0 F6600 X117.979 Y121.871
G1 F1200 X117.871 Y121.979 E46.74959
;MESH:NONMESH
G0 F300 X117.871 Y121.979 Z0.3
G0 F6600 X117.871 Y122.4
G0 X110.672 Y122.328
G0 X110.5 Y114.5
;TIME_ELAPSED:151.521741
;LAYER:2
M106 S170
;TYPE:WALL-INNER
;MESH:shim_v7.stl
G1 F1500 X110.5 Y122.5 E46.88263
G1 X118.5 Y122.5 E47.01567
G1 X118.5 Y114.5 E47.14871
G1 X110.5 Y114.5 E47.28175
G0 F7200 X110.1 Y114.25
G1 F1500 X110.1 Y122.75 E47.42311
G1 X110.25 Y122.9 E47.42664
G1 X118.75 Y122.9 E47.56799
G1 X118.9 Y122.75 E47.57152
G1 X118.9 Y114.25 E47.71288
G1 X118.75 Y114.1 E47.7164
G1 X110.25 Y114.1 E47.85776
G1 X110.1 Y114.25 E47.86129
G0 F7200 X109.7 Y114.084
;TYPE:WALL-OUTER
G1 F1500 X109.7 Y122.916 E48.00816
G1 X110.084 Y123.3 E48.0172
G1 X118.916 Y123.3 E48.16407
G1 X119.3 Y122.916 E48.1731
G1 X119.3 Y114.084 E48.31998
G1 X118.916 Y113.7 E48.32901
G1 X110.084 Y113.7 E48.47589
G1 X109.7 Y114.084 E48.48492
G0 F7200 X110.392 Y114.37
G0 X110.6 Y114.82
G0 X110.82 Y114.82
;TYPE:SKIN
G1 F1200 X110.82 Y122.18 E48.60976
G1 X118.18 Y122.18 E48.73461
G1 X118.18 Y114.82 E48.85946
G1 X110.82 Y114.82 E48.9843
G0 F7200 X110.6 Y114.82
G0 X118.328 Y114.672
G0 X118.4 Y115.151
G0 X117.98 Y115.151
G1 F1200 X117.847 Y115.019 E48.98748
G0 F7200 X117.282 Y115.019
G1 F1200 X117.98 Y115.717 E49.00422
G0 F7200 X117.98 Y116.283
G1 F1200 X116.716 Y115.019 E49.03455
G0 F7200 X116.15 Y115.019
G1 F1200 X117.98 Y116.848 E49.07843
G0 F7200 X117.98 Y117.414
G1 F1200 X115.585 Y115.019 E49.13589
G0 F7200 X115.019 Y115.019
G1 F1200 X117.98 Y117.98 E49.20692
G0 F7200 X117.98 Y118.545
G1 F1200 X114.453 Y115.019 E49.29151
G0 F7200 X113.888 Y115.019
G1 F1200 X117.98 Y119.111 E49.38968
G0 F7200 X117.98 Y119.677
G1 F1200 X113.322 Y115.019 E49.50142
G0 F7200 X112.756 Y115.019
G1 F1200 X117.98 Y120.242 E49.62672
G0 F7200 X117.98 Y120.808
G1 F1200 X112.19 Y115.019 E49.7656
G0 F7200 X111.625 Y115.019
G1 F1200 X117.98 Y121.374 E49.91805
G0 F7200 X117.98 Y121.939
G1 F1200 X111.059 Y115.019 E50.08407
G0 F7200 X111.02 Y115.545
G1 F1200 X117.453 Y121.978 E50.23839
G0 F7200 X116.887 Y121.978
G1 F1200 X111.02 Y116.111 E50.37913
G0 F7200 X111.02 Y116.676
G1 F1200 X116.321 Y121.978 E50.50631
G0 F7200 X115.756 Y121.978
G1 F1200 X111.02 Y117.242 E50.61992
G0 F7200 X111.02 Y117.808
G1 F1200 X115.19 Y121.978 E50.71995
G0 F7200 X114.624 Y121.978
G1 F1200 X111.02 Y118.373 E50.80642
G0 F7200 X111.02 Y118.939
G1 F1200 X114.059 Y121.978 E50.87932
G0 F7200 X113.493 Y121.978
G1 F1200 X111.02 Y119.505 E50.93865
G0 F7200 X111.02 Y120.07
G1 F1200 X112.927 Y121.978 E50.98441
G0 F7200 X112.362 Y121.978
G1 F1200 X111.02 Y120.636 E51.0166
G0 F7200 X111.02 Y121.202
G1 F1200 X111.796 Y121.978 E51.03521
G0 F7200 X111.23 Y121.978
G1 F1200 X111.02 Y121.768 E51.04025
;MESH:NONMESH
G0 F300 X111.02 Y121.768 Z0.4
G0 F7200 X110.6 Y121.768
G0 X110.5 Y114.5
;TIME_ELAPSED:166.156470
;LAYER:3
M106 S255
;TYPE:WALL-INNER
;MESH:shim_v7.stl
G1 F1500 X110.5 Y122.5 E51.17329
G1 X118.5 Y122.5 E51.30633
G1 X118.5 Y114.5 E51.43937
G1 X110.5 Y114.5 E51.57241
G0 F7200 X110.1 Y114.25
G1 F1500 X110.1 Y122.75 E51.71377
G1 X110.25 Y122.9 E51.7173
G1 X118.75 Y122.9 E51.85865
G1 X118.9 Y122.75 E51.86218
G1 X118.9 Y114.25 E52.00354
G1 X118.75 Y114.1 E52.00706
G1 X110.25 Y114.1 E52.14842
G1 X110.1 Y114.25 E52.15195
G0 F7200 X109.7 Y114.084
;TYPE:WALL-OUTER
G1 F1500 X109.7 Y122.916 E52.29882
G1 X110.084 Y123.3 E52.30786
G1 X118.916 Y123.3 E52.45473
G1 X119.3 Y122.916 E52.46376
G1 X119.3 Y114.084 E52.61064
G1 X118.916 Y113.7 E52.61967
G1 X110.084 Y113.7 E52.76655
G1 X109.7 Y114.084 E52.77558
G0 F7200 X110.392 Y114.37
G0 X110.6 Y114.82
G0 X110.82 Y114.82
;TYPE:SKIN
G1 F1200 X110.82 Y122.18 E52.90042
G1 X118.18 Y122.18 E53.02527
G1 X118.18 Y114.82 E53.15011
G1 X110.82 Y114.82 E53.27496
G0 F7200 X111.254 Y115.019
G1 F1200 X111.02 Y115.254 E53.28058
G0 F7200 X111.02 Y115.819
G1 F1200 X111.82 Y115.019 E53.29978
G0 F7200 X112.386 Y115.019
G1 F1200 X111.02 Y116.385 E53.33254
G0 F7200 X111.02 Y116.951
G1 F1200 X112.951 Y115.019 E53.37888
G0 F7200 X113.517 Y115.019
G1 F1200 X111.02 Y117.516 E53.43878
G0 F7200 X111.02 Y118.082
G1 F1200 X114.083 Y115.019 E53.51226
G0 F7200 X114.648 Y115.019
G1 F1200 X111.02 Y118.648 E53.5993
G0 F7200 X111.02 Y119.213
G1 F1200 X115.214 Y115.019 E53.69991
G0 F7200 X115.78 Y115.019
G1 F1200 X111.02 Y119.779 E53.8141
G0 F7200 X111.02 Y120.345
G1 F1200 X116.345 Y115.019 E53.94185
G0 F7200 X116.911 Y115.019
G1 F1200 X111.02 Y120.911 E54.08318
G0 F7200 X111.02 Y121.476
G1 F1200 X117.477 Y115.019 E54.23808
G0 F7200 X117.979 Y115.083
G1 F1200 X111.082 Y121.979 E54.40351
G0 F7200 X111.648 Y121.979
G1 F1200 X117.979 Y115.648 E54.55539
G0 F7200 X117.979 Y116.214
G1 F1200 X112.214 Y121.979 E54.69368
G0 F7200 X112.779 Y121.979
G1 F1200 X117.979 Y116.78 E54.81841
G0 F7200 X117.979 Y117.345
G1 F1200 X113.345 Y121.979 E54.92958
G0 F7200 X113.911 Y121.979
G1 F1200 X117.979 Y117.911 E55.02716
G0 F7200 X117.979 Y118.477
G1 F1200 X114.477 Y121.979 E55.11117
G0 F7200 X115.042 Y121.979
G1 F1200 X117.979 Y119.042 E55.18163
G0 F7200 X117.979 Y119.608
G1 F1200 X115.608 Y121.979 E55.23851
G0 F7200 X116.174 Y121.979
G1 F1200 X117.979 Y120.174 E55.28181
G0 F7200 X117.979 Y120.739
G1 F1200 X116.739 Y121.979 E55.31155
G0 F7200 X117.305 Y121.979
G1 F1200 X117.979 Y121.305 E55.32772
G0 F7200 X117.979 Y121.871
G1 F1200 X117.871 Y121.979 E55.33031
;MESH:NONMESH
G0 F300 X117.871 Y121.979 Z0.5
G0 F7200 X117.871 Y122.4
G0 X110.672 Y122.328
G0 X110.5 Y114.5
;TIME_ELAPSED:180.726883
;LAYER:4
;TYPE:WALL-INNER
;MESH:shim_v7.stl
G1 F1500 X110.5 Y122.5 E55.46335
G1 X118.5 Y122.5 E55.59639
G1 X118.5 Y114.5 E55.72943
G1 X110.5 Y114.5 E55.86247
G0 F7200 X110.1 Y114.25
G1 F1500 X110.1 Y122.75 E56.00383
G1 X110.25 Y122.9 E56.00736
G1 X118.75 Y122.9 E56.14871
G1 X118.9 Y122.75 E56.15224
G1 X118.9 Y114.25 E56.2936
G1 X118.75 Y114.1 E56.29712
G1 X110.25 Y114.1 E56.43848
G1 X110.1 Y114.25 E56.44201
G0 F7200 X109.7 Y114.084
;TYPE:WALL-OUTER
G1 F1500 X109.7 Y122.916 E56.58888
G1 X110.084 Y123.3 E56.59791
G1 X118.916 Y123.3 E56.74479
G1 X119.3 Y122.916 E56.75382
G1 X119.3 Y114.084 E56.9007
G1 X118.916 Y113.7 E56.90973
G1 X110.084 Y113.7 E57.05661
G1 X109.7 Y114.084 E57.06564
G0 F7200 X110.392 Y114.37
G0 X110.6 Y114.82
G0 X110.82 Y114.82
;TYPE:SKIN
G1 F1200 X110.82 Y122.18 E57.19048
G1 X118.18 Y122.18 E57.31533
G1 X118.18 Y114.82 E57.44017
G1 X110.82 Y114.82 E57.56502
G0 F7200 X110.6 Y114.82
G0 X118.328 Y114.672
G0 X118.4 Y115.151
G0 X117.98 Y115.151
G1 F1200 X117.847 Y115.019 E57.5682
G0 F7200 X117.282 Y115.019
G1 F1200 X117.98 Y115.717 E57.58494
G0 F7200 X117.98 Y116.283
G1 F1200 X116.716 Y115.019 E57.61526
G0 F7200 X116.15 Y115.019
G1 F1200 X117.98 Y116.848 E57.65915
G0 F7200 X117.98 Y117.414
G1 F1200 X115.585 Y115.019 E57.7166
G0 F7200 X115.019 Y115.019
G1 F1200 X117.98 Y117.98 E57.78764
G0 F7200 X117.98 Y118.545
G1 F1200 X114.453 Y115.019 E57.87223
G0 F7200 X113.888 Y115.019
G1 F1200 X117.98 Y119.111 E57.97039
G0 F7200 X117.98 Y119.677
G1 F1200 X113.322 Y115.019 E58.08213
G0 F7200 X112.756 Y115.019
G1 F1200 X117.98 Y120.242 E58.20744
G0 F7200 X117.98 Y120.808
G1 F1200 X112.19 Y115.019 E58.34632
G0 F7200 X111.625 Y115.019
G1 F1200 X117.98 Y121.374 E58.49877
G0 F7200 X117.98 Y121.939
G1 F1200 X111.059 Y115.019 E58.66479
G0 F7200 X111.02 Y115.545
G1 F1200 X117.453 Y121.978 E58.81911
G0 F7200 X116.887 Y121.978
G1 F1200 X111.02 Y116.111 E58.95985
G0 F7200 X111.02 Y116.676
G1 F1200 X116.321 Y121.978 E59.08703
G0 F7200 X115.756 Y121.978
G1 F1200 X111.02 Y117.242 E59.20064
G0 F7200 X111.02 Y117.808
G1 F1200 X115.19 Y121.978 E59.30067
G0 F7200 X114.624 Y121.978
G1 F1200 X111.02 Y118.373 E59.38714
G0 F7200 X111.02 Y118.939
G1 F1200 X114.059 Y121.978 E59.46004
G0 F7200 X113.493 Y121.978
G1 F1200 X111.02 Y119.505 E59.51937
G0 F7200 X111.02 Y120.07
G1 F1200 X112.927 Y121.978 E59.56512
G0 F7200 X112.362 Y121.978
G1 F1200 X111.02 Y120.636 E59.59732
G0 F7200 X111.02 Y121.202
G1 F1200 X111.796 Y121.978 E59.61593
G0 F7200 X111.23 Y121.978
G1 F1200 X111.02 Y121.768 E59.62097
;MESH:NONMESH
G0 F300 X111.02 Y121.768 Z0.6
G0 F7200 X110.6 Y121.768
G0 X110.5 Y114.5
;TIME_ELAPSED:195.361612
;LAYER:5
;TYPE:WALL-INNER
;MESH:shim_v7.stl
G1 F1500 X110.5 Y122.5 E59.75401
G1 X118.5 Y122.5 E59.88705
G1 X118.5 Y114.5 E60.02009
G1 X110.5 Y114.5 E60.15313
G0 F7200 X110.1 Y114.25
G1 F1500 X110.1 Y122.75 E60.29449
G1 X110.25 Y122.9 E60.29802
G1 X118.75 Y122.9 E60.43937
G1 X118.9 Y122.75 E60.4429
G1 X118.9 Y114.25 E60.58425
G1 X118.75 Y114.1 E60.58778
G1 X110.25 Y114.1 E60.72914
G1 X110.1 Y114.25 E60.73267
G0 F7200 X109.7 Y114.084
;TYPE:WALL-OUTER
G1 F1500 X109.7 Y122.916 E60.87954
G1 X110.084 Y123.3 E60.88857
G1 X118.916 Y123.3 E61.03545
G1 X119.3 Y122.916 E61.04448
G1 X119.3 Y114.084 E61.19136
G1 X118.916 Y113.7 E61.20039
G1 X110.084 Y113.7 E61.34727
G1 X109.7 Y114.084 E61.3563
G0 F7200 X110.392 Y114.37
G0 X110.6 Y114.82
G0 X110.82 Y114.82
;TYPE:SKIN
G1 F1200 X110.82 Y122.18 E61.48114
G1 X118.18 Y122.18 E61.60599
G1 X118.18 Y114.82 E61.73083
G1 X110.82 Y114.82 E61.85568
G0 F7200 X111.254 Y115.019
G1 F1200 X111.02 Y115.254 E61.8613
G0 F7200 X111.02 Y115.819
G1 F1200 X111.82 Y115.019 E61.88049
G0 F7200 X112.386 Y115.019
G1 F1200 X111.02 Y116.385 E61.91326
G0 F7200 X111.02 Y116.951
G1 F1200 X112.951 Y115.019 E61.9596
G0 F7200 X113.517 Y115.019
G1 F1200 X111.02 Y117.516 E62.0195
G0 F7200 X111.02 Y118.082
G1 F1200 X114.083 Y115.019 E62.09298
G0 F7200 X114.648 Y115.019
G1 F1200 X111.02 Y118.648 E62.18002
G0 F7200 X111.02 Y119.213
G1 F1200 X115.214 Y115.019 E62.28063
G0 F7200 X115.78 Y115.019
G1 F1200 X111.02 Y119.779 E62.39482
G0 F7200 X111.02 Y120.345
G1 F1200 X116.345 Y115.019 E62.52257
G0 F7200 X116.911 Y115.019
G1 F1200 X111.02 Y120.911 E62.6639
G0 F7200 X111.02 Y121.476
G1 F1200 X117.477 Y115.019 E62.81879
G0 F7200 X117.979 Y115.083
G1 F1200 X111.082 Y121.979 E62.98423
G0 F7200 X111.648 Y121.979
G1 F1200 X117.979 Y115.648 E63.13611
G0 F7200 X117.979 Y116.214
G1 F1200 X112.214 Y121.979 E63.2744
G0 F7200 X112.779 Y121.979
G1 F1200 X117.979 Y116.78 E63.39913
G0 F7200 X117.979 Y117.345
G1 F1200 X113.345 Y121.979 E63.5103
G0 F7200 X113.911 Y121.979
G1 F1200 X117.979 Y117.911 E63.60788
G0 F7200 X117.979 Y118.477
G1 F1200 X114.477 Y121.979 E63.69189
G0 F7200 X115.042 Y121.979
G1 F1200 X117.979 Y119.042 E63.76235
G0 F7200 X117.979 Y119.608
G1 F1200 X115.608 Y121.979 E63.81922
G0 F7200 X116.174 Y121.979
G1 F1200 X117.979 Y120.174 E63.86252
G0 F7200 X117.979 Y120.739
G1 F1200 X116.739 Y121.979 E63.89227
G0 F7200 X117.305 Y121.979
G1 F1200 X117.979 Y121.305 E63.90844
G0 F7200 X117.979 Y121.871
G1 F1200 X117.871 Y121.979 E63.91103
;MESH:NONMESH
G0 F300 X117.871 Y121.979 Z0.7
G0 F7200 X117.871 Y122.4
G0 X110.672 Y122.328
G0 X110.5 Y114.5
;TIME_ELAPSED:209.932024
;LAYER:6
;TYPE:WALL-INNER
;MESH:shim_v7.stl
G1 F1500 X110.5 Y122.5 E64.04407
G1 X118.5 Y122.5 E64.17711
G1 X118.5 Y114.5 E64.31015
G1 X110.5 Y114.5 E64.44319
G0 F7200 X110.1 Y114.25
G1 F1500 X110.1 Y122.75 E64.58455
G1 X110.25 Y122.9 E64.58808
G1 X118.75 Y122.9 E64.72943
G1 X118.9 Y122.75 E64.73296
G1 X118.9 Y114.25 E64.87431
G1 X118.75 Y114.1 E64.87784
G1 X110.25 Y114.1 E65.0192
G1 X110.1 Y114.25 E65.02273
G0 F7200 X109.7 Y114.084
;TYPE:WALL-OUTER
G1 F1500 X109.7 Y122.916 E65.1696
G1 X110.084 Y123.3 E65.17863
G1 X118.916 Y123.3 E65.32551
G1 X119.3 Y122.916 E65.33454
G1 X119.3 Y114.084 E65.48142
G1 X118.916 Y113.7 E65.49045
G1 X110.084 Y113.7 E65.63733
G1 X109.7 Y114.084 E65.64636
G0 F7200 X110.392 Y114.37
G0 X110.6 Y114.82
G0 X110.82 Y114.82
;TYPE:SKIN
G1 F1200 X110.82 Y122.18 E65.7712
G1 X118.18 Y122.18 E65.89605
G1 X118.18 Y114.82 E66.02089
G1 X110.82 Y114.82 E66.14574
G0 F7200 X110.6 Y114.82
G0 X118.328 Y114.672
G0 X118.4 Y115.151
G0 X117.98 Y115.151
G1 F1200 X117.847 Y115.019 E66.14892
G0 F7200 X117.282 Y115.019
G1 F1200 X117.98 Y115.717 E66.16566
G0 F7200 X117.98 Y116.283
G1 F1200 X116.716 Y115.019 E66.19598
G0 F7200 X116.15 Y115.019
G1 F1200 X117.98 Y116.848 E66.23987
G0 F7200 X117.98 Y117.414
G1 F1200 X115.585 Y115.019 E66.29732
G0 F7200 X115.019 Y115.019
G1 F1200 X117.98 Y117.98 E66.36835
G0 F7200 X117.98 Y118.545
G1 F1200 X114.453 Y115.019 E66.45295
G0 F7200 X113.888 Y115.019
G1 F1200 X117.98 Y119.111 E66.55111
G0 F7200 X117.98 Y119.677
G1 F1200 X113.322 Y115.019 E66.66285
G0 F7200 X112.756 Y115.019
G1 F1200 X117.98 Y120.242 E66.78816
G0 F7200 X117.98 Y120.808
G1 F1200 X112.19 Y115.019 E66.92704
G0 F7200 X111.625 Y115.019
G1 F1200 X117.98 Y121.374 E67.07949
G0 F7200 X117.98 Y121.939
G1 F1200 X111.059 Y115.019 E67.24551
G0 F7200 X111.02 Y115.545
G1 F1200 X117.453 Y121.978 E67.39983
G0 F7200 X116.887 Y121.978
G1 F1200 X111.02 Y116.111 E67.54057
G0 F7200 X111.02 Y116.676
G1 F1200 X116.321 Y121.978 E67.66775
G0 F7200 X115.756 Y121.978
G1 F1200 X111.02 Y117.242 E67.78136
G0 F7200 X111.02 Y117.808
G1 F1200 X115.19 Y121.978 E67.88139
G0 F7200 X114.624 Y121.978
G1 F1200 X111.02 Y118.373 E67.96786
G0 F7200 X111.02 Y118.939
G1 F1200 X114.059 Y121.978 E68.04076
G0 F7200 X113.493 Y121.978
G1 F1200 X111.02 Y119.505 E68.10008
G0 F7200 X111.02 Y120.07
G1 F1200 X112.927 Y121.978 E68.14584
G0 F7200 X112.362 Y121.978
G1 F1200 X111.02 Y120.636 E68.17804
G0 F7200 X111.02 Y121.202
G1 F1200 X111.796 Y121.978 E68.19665
G0 F7200 X111.23 Y121.978
G1 F1200 X111.02 Y121.768 E68.20169
;MESH:NONMESH
G0 F300 X111.02 Y121.768 Z0.8
G0 F7200 X110.6 Y121.768
G0 X110.5 Y114.5
;TIME_ELAPSED:224.566753
;LAYER:7
;TYPE:WALL-INNER
;MESH:shim_v7.stl
G1 F1500 X110.5 Y122.5 E68.33473
G1 X118.5 Y122.5 E68.46777
G1 X118.5 Y114.5 E68.60081
G1 X110.5 Y114.5 E68.73385
G0 F7200 X110.1 Y114.25
G1 F1500 X110.1 Y122.75 E68.87521
G1 X110.25 Y122.9 E68.87873
G1 X118.75 Y122.9 E69.02009
G1 X118.9 Y122.75 E69.02362
G1 X118.9 Y114.25 E69.16497
G1 X118.75 Y114.1 E69.1685
G1 X110.25 Y114.1 E69.30986
G1 X110.1 Y114.25 E69.31338
G0 F7200 X109.7 Y114.084
;TYPE:WALL-OUTER
G1 F1500 X109.7 Y122.916 E69.46026
G1 X110.084 Y123.3 E69.46929
G1 X118.916 Y123.3 E69.61617
G1 X119.3 Y122.916 E69.6252
G1 X119.3 Y114.084 E69.77208
G1 X118.916 Y113.7 E69.78111
G1 X110.084 Y113.7 E69.92798
G1 X109.7 Y114.084 E69.93702
G0 F7200 X110.392 Y114.37
G0 X110.6 Y114.82
G0 X110.82 Y114.82
;TYPE:SKIN
G1 F1200 X110.82 Y122.18 E70.06186
G1 X118.18 Y122.18 E70.18671
G1 X118.18 Y114.82 E70.31155
G1 X110.82 Y114.82 E70.4364
G0 F7200 X111.254 Y115.019
G1 F1200 X111.02 Y115.254 E70.44202
G0 F7200 X111.02 Y115.819
G1 F1200 X111.82 Y115.019 E70.46121
G0 F7200 X112.386 Y115.019
G1 F1200 X111.02 Y116.385 E70.49398
G0 F7200 X111.02 Y116.951
G1 F1200 X112.951 Y115.019 E70.54032
G0 F7200 X113.517 Y115.019
G1 F1200 X111.02 Y117.516 E70.60022
G0 F7200 X111.02 Y118.082
G1 F1200 X114.083 Y115.019 E70.67369
G0 F7200 X114.648 Y115.019
G1 F1200 X111.02 Y118.648 E70.76074
G0 F7200 X111.02 Y119.213
G1 F1200 X115.214 Y115.019 E70.86135
G0 F7200 X115.78 Y115.019
G1 F1200 X111.02 Y119.779 E70.97553
G0 F7200 X111.02 Y120.345
G1 F1200 X116.345 Y115.019 E71.10329
G0 F7200 X116.911 Y115.019
G1 F1200 X111.02 Y120.911 E71.24462
G0 F7200 X111.02 Y121.476
G1 F1200 X117.477 Y115.019 E71.39951
G0 F7200 X117.979 Y115.083
G1 F1200 X111.082 Y121.979 E71.56495
G0 F7200 X111.648 Y121.979
G1 F1200 X117.979 Y115.648 E71.71682
G0 F7200 X117.979 Y116.214
G1 F1200 X112.214 Y121.979 E71.85512
G0 F7200 X112.779 Y121.979
G1 F1200 X117.979 Y116.78 E71.97985
G0 F7200 X117.979 Y117.345
G1 F1200 X113.345 Y121.979 E72.09101
G0 F7200 X113.911 Y121.979
G1 F1200 X117.979 Y117.911 E72.1886
G0 F7200 X117.979 Y118.477
G1 F1200 X114.477 Y121.979 E72.27261
G0 F7200 X115.042 Y121.979
G1 F1200 X117.979 Y119.042 E72.34307
G0 F7200 X117.979 Y119.608
G1 F1200 X115.608 Y121.979 E72.39994
G0 F7200 X116.174 Y121.979
G1 F1200 X117.979 Y120.174 E72.44324
G0 F7200 X117.979 Y120.739
G1 F1200 X116.739 Y121.979 E72.47299
G0 F7200 X117.305 Y121.979
G1 F1200 X117.979 Y121.305 E72.48916
G0 F7200 X117.979 Y121.871
G1 F1200 X117.871 Y121.979 E72.49175
;MESH:NONMESH
G0 F300 X117.871 Y121.979 Z0.9
G0 F7200 X117.871 Y122.4
G0 X110.672 Y122.328
G0 X110.5 Y114.5
;TIME_ELAPSED:239.137165
;LAYER:8
;TYPE:WALL-INNER
;MESH:shim_v7.stl
G1 F1500 X110.5 Y122.5 E72.62479
G1 X118.5 Y122.5 E72.75783
G1 X118.5 Y114.5 E72.89087
G1 X110.5 Y114.5 E73.02391
G0 F7200 X110.1 Y114.25
G1 F1500 X110.1 Y122.75 E73.16527
G1 X110.25 Y122.9 E73.16879
G1 X118.75 Y122.9 E73.31015
G1 X118.9 Y122.75 E73.31368
G1 X118.9 Y114.25 E73.45503
G1 X118.75 Y114.1 E73.45856
G1 X110.25 Y114.1 E73.59992
G1 X110.1 Y114.25 E73.60344
G0 F7200 X109.7 Y114.084
;TYPE:WALL-OUTER
G1 F1500 X109.7 Y122.916 E73.75032
G1 X110.084 Y123.3 E73.75935
G1 X118.916 Y123.3 E73.90623
G1 X119.3 Y122.916 E73.91526
G1 X119.3 Y114.084 E74.06214
G1 X118.916 Y113.7 E74.07117
G1 X110.084 Y113.7 E74.21804
G1 X109.7 Y114.084 E74.22708
G0 F7200 X110.392 Y114.37
G0 X110.6 Y114.82
G0 X110.82 Y114.82
;TYPE:SKIN
G1 F1200 X110.82 Y122.18 E74.35192
G1 X118.18 Y122.18 E74.47677
G1 X118.18 Y114.82 E74.60161
G1 X110.82 Y114.82 E74.72646
G0 F7200 X110.6 Y114.82
G0 X118.328 Y114.672
G0 X118.4 Y115.151
G0 X117.98 Y115.151
G1 F1200 X117.847 Y115.019 E74.72963
G0 F7200 X117.282 Y115.019
G1 F1200 X117.98 Y115.717 E74.74638
G0 F7200 X117.98 Y116.283
G1 F1200 X116.716 Y115.019 E74.7767
G0 F7200 X116.15 Y115.019
G1 F1200 X117.98 Y116.848 E74.82059
G0 F7200 X117.98 Y117.414
G1 F1200 X115.585 Y115.019 E74.87804
G0 F7200 X115.019 Y115.019
G1 F1200 X117.98 Y117.98 E74.94907
G0 F7200 X117.98 Y118.545
G1 F1200 X114.453 Y115.019 E75.03367
G0 F7200 X113.888 Y115.019
G1 F1200 X117.98 Y119.111 E75.13183
G0 F7200 X117.98 Y119.677
G1 F1200 X113.322 Y115.019 E75.24357
G0 F7200 X112.756 Y115.019
G1 F1200 X117.98 Y120.242 E75.36888
G0 F7200 X117.98 Y120.808
G1 F1200 X112.19 Y115.019 E75.50776
G0 F7200 X111.625 Y115.019
G1 F1200 X117.98 Y121.374 E75.66021
G0 F7200 X117.98 Y121.939
G1 F1200 X111.059 Y115.019 E75.82622
G0 F7200 X111.02 Y115.545
G1 F1200 X117.453 Y121.978 E75.98054
G0 F7200 X116.887 Y121.978
G1 F1200 X111.02 Y116.111 E76.12129
G0 F7200 X111.02 Y116.676
G1 F1200 X116.321 Y121.978 E76.24846
G0 F7200 X115.756 Y121.978
G1 F1200 X111.02 Y117.242 E76.36207
G0 F7200 X111.02 Y117.808
G1 F1200 X115.19 Y121.978 E76.46211
G0 F7200 X114.624 Y121.978
G1 F1200 X111.02 Y118.373 E76.54858
G0 F7200 X111.02 Y118.939
G1 F1200 X114.059 Y121.978 E76.62148
G0 F7200 X113.493 Y121.978
G1 F1200 X111.02 Y119.505 E76.6808
G0 F7200 X111.02 Y120.07
G1 F1200 X112.927 Y121.978 E76.72656
G0 F7200 X112.362 Y121.978
G1 F1200 X111.02 Y120.636 E76.75875
G0 F7200 X111.02 Y121.202
G1 F1200 X111.796 Y121.978 E76.77737
G0 F7200 X111.23 Y121.978
G1 F1200 X111.02 Y121.768 E76.78241
;MESH:NONMESH
G0 F300 X111.02 Y121.768 Z1
G0 F7200 X110.6 Y121.768
G0 X110.5 Y114.5
;TIME_ELAPSED:253.771894
;LAYER:9
;TYPE:WALL-INNER
;MESH:shim_v7.stl
G1 F1500 X110.5 Y122.5 E76.91545
G1 X118.5 Y122.5 E77.04849
G1 X118.5 Y114.5 E77.18153
G1 X110.5 Y114.5 E77.31457
G0 F7200 X110.1 Y114.25
G1 F1500 X110.1 Y122.75 E77.45593
G1 X110.25 Y122.9 E77.45945
G1 X118.75 Y122.9 E77.60081
G1 X118.9 Y122.75 E77.60434
G1 X118.9 Y114.25 E77.74569
G1 X118.75 Y114.1 E77.74922
G1 X110.25 Y114.1 E77.89058
G1 X110.1 Y114.25 E77.8941
G0 F7200 X109.7 Y114.084
;TYPE:WALL-OUTER
G1 F1500 X109.7 Y122.916 E78.04098
G1 X110.084 Y123.3 E78.05001
G1 X118.916 Y123.3 E78.19689
G1 X119.3 Y122.916 E78.20592
G1 X119.3 Y114.084 E78.3528
G1 X118.916 Y113.7 E78.36183
G1 X110.084 Y113.7 E78.5087
G1 X109.7 Y114.084 E78.51773
G0 F7200 X110.392 Y114.37
G0 X110.6 Y114.82
G0 X110.82 Y114.82
;TYPE:SKIN
G1 F1200 X110.82 Y122.18 E78.64258
G1 X118.18 Y122.18 E78.76742
G1 X118.18 Y114.82 E78.89227
G1 X110.82 Y114.82 E79.01712
G0 F7200 X111.254 Y115.019
G1 F1200 X111.02 Y115.254 E79.02274
G0 F7200 X111.02 Y115.819
G1 F1200 X111.82 Y115.019 E79.04193
G0 F7200 X112.386 Y115.019
G1 F1200 X111.02 Y116.385 E79.0747
G0 F7200 X111.02 Y116.951
G1 F1200 X112.951 Y115.019 E79.12103
G0 F7200 X113.517 Y115.019
G1 F1200 X111.02 Y117.516 E79.18094
G0 F7200 X111.02 Y118.082
G1 F1200 X114.083 Y115.019 E79.25441
G0 F7200 X114.648 Y115.019
G1 F1200 X111.02 Y118.648 E79.34146
G0 F7200 X111.02 Y119.213
G1 F1200 X115.214 Y115.019 E79.44207
G0 F7200 X115.78 Y115.019
G1 F1200 X111.02 Y119.779 E79.55625
G0 F7200 X111.02 Y120.345
G1 F1200 X116.345 Y115.019 E79.684
G0 F7200 X116.911 Y115.019
G1 F1200 X111.02 Y120.911 E79.82534
G0 F7200 X111.02 Y121.476
G1 F1200 X117.477 Y115.019 E79.98023
G0 F7200 X117.979 Y115.083
G1 F1200 X111.082 Y121.979 E80.14567
G0 F7200 X111.648 Y121.979
G1 F1200 X117.979 Y115.648 E80.29754
G0 F7200 X117.979 Y116.214
G1 F1200 X112.214 Y121.979 E80.43584
G0 F7200 X112.779 Y121.979
G1 F1200 X117.979 Y116.78 E80.56057
G0 F7200 X117.979 Y117.345
G1 F1200 X113.345 Y121.979 E80.67173
G0 F7200 X113.911 Y121.979
G1 F1200 X117.979 Y117.911 E80.76932
G0 F7200 X117.979 Y118.477
G1 F1200 X114.477 Y121.979 E80.85333
G0 F7200 X115.042 Y121.979
G1 F1200 X117.979 Y119.042 E80.92378
G0 F7200 X117.979 Y119.608
G1 F1200 X115.608 Y121.979 E80.98066
G0 F7200 X116.174 Y121.979
G1 F1200 X117.979 Y120.174 E81.02396
G0 F7200 X117.979 Y120.739
G1 F1200 X116.739 Y121.979 E81.05371
G0 F7200 X117.305 Y121.979
G1 F1200 X117.979 Y121.305 E81.06988
G0 F7200 X117.979 Y121.871
G1 F1200 X117.871 Y121.979 E81.07247
;MESH:NONMESH
G0 F300 X117.871 Y121.979 Z1.1
G0 F7200 X117.871 Y122.4
G0 X110.672 Y122.328
G0 X110.5 Y114.5
;TIME_ELAPSED:268.342307
;LAYER:10
;TYPE:WALL-INNER
;MESH:shim_v7.stl
G1 F1500 X110.5 Y122.5 E81.20551
G1 X118.5 Y122.5 E81.33855
G1 X118.5 Y114.5 E81.47159
G1 X110.5 Y114.5 E81.60463
G0 F7200 X110.1 Y114.25
G1 F1500 X110.1 Y122.75 E81.74598
G1 X110.25 Y122.9 E81.74951
G1 X118.75 Y122.9 E81.89087
G1 X118.9 Y122.75 E81.8944
G1 X118.9 Y114.25 E82.03575
G1 X118.75 Y114.1 E82.03928
G1 X110.25 Y114.1 E82.18063
G1 X110.1 Y114.25 E82.18416
G0 F7200 X109.7 Y114.084
;TYPE:WALL-OUTER
G1 F1500 X109.7 Y122.916 E82.33104
G1 X110.084 Y123.3 E82.34007
G1 X118.916 Y123.3 E82.48695
G1 X119.3 Y122.916 E82.49598
G1 X119.3 Y114.084 E82.64285
G1 X118.916 Y113.7 E82.65189
G1 X110.084 Y113.7 E82.79876
G1 X109.7 Y114.084 E82.80779
G0 F7200 X110.392 Y114.37
G0 X110.6 Y114.82
G0 X110.82 Y114.82
;TYPE:SKIN
G1 F1200 X110.82 Y122.18 E82.93264
G1 X118.18 Y122.18 E83.05748
G1 X118.18 Y114.82 E83.18233
G1 X110.82 Y114.82 E83.30717
G0 F7200 X110.6 Y114.82
G0 X118.328 Y114.672
G0 X118.4 Y115.151
G0 X117.98 Y115.151
G1 F1200 X117.847 Y115.019 E83.31035
G0 F7200 X117.282 Y115.019
G1 F1200 X117.98 Y115.717 E83.3271
G0 F7200 X117.98 Y116.283
G1 F1200 X116.716 Y115.019 E83.35742
G0 F7200 X116.15 Y115.019
G1 F1200 X117.98 Y116.848 E83.40131
G0 F7200 X117.98 Y117.414
G1 F1200 X115.585 Y115.019 E83.45876
G0 F7200 X115.019 Y115.019
G1 F1200 X117.98 Y117.98 E83.52979
G0 F7200 X117.98 Y118.545
G1 F1200 X114.453 Y115.019 E83.61439
G0 F7200 X113.888 Y115.019
G1 F1200 X117.98 Y119.111 E83.71255
G0 F7200 X117.98 Y119.677
G1 F1200 X113.322 Y115.019 E83.82429
G0 F7200 X112.756 Y115.019
G1 F1200 X117.98 Y120.242 E83.9496
G0 F7200 X117.98 Y120.808
G1 F1200 X112.19 Y115.019 E84.08848
G0 F7200 X111.625 Y115.019
G1 F1200 X117.98 Y121.374 E84.24093
G0 F7200 X117.98 Y121.939
G1 F1200 X111.059 Y115.019 E84.40694
G0 F7200 X111.02 Y115.545
G1 F1200 X117.453 Y121.978 E84.56126
G0 F7200 X116.887 Y121.978
G1 F1200 X111.02 Y116.111 E84.70201
G0 F7200 X111.02 Y116.676
G1 F1200 X116.321 Y121.978 E84.82918
G0 F7200 X115.756 Y121.978
G1 F1200 X111.02 Y117.242 E84.94279
G0 F7200 X111.02 Y117.808
G1 F1200 X115.19 Y121.978 E85.04283
G0 F7200 X114.624 Y121.978
G1 F1200 X111.02 Y118.373 E85.12929
G0 F7200 X111.02 Y118.939
G1 F1200 X114.059 Y121.978 E85.2022
G0 F7200 X113.493 Y121.978
G1 F1200 X111.02 Y119.505 E85.26152
G0 F7200 X111.02 Y120.07
G1 F1200 X112.927 Y121.978 E85.30728
G0 F7200 X112.362 Y121.978
G1 F1200 X111.02 Y120.636 E85.33947
G0 F7200 X111.02 Y121.202
G1 F1200 X111.796 Y121.978 E85.35809
G0 F7200 X111.23 Y121.978
G1 F1200 X111.02 Y121.768 E85.36313
;MESH:NONMESH
G0 F300 X111.02 Y121.768 Z1.2
G0 F7200 X110.6 Y121.768
G0 X110.5 Y114.5
;TIME_ELAPSED:282.977036
;LAYER:11
;TYPE:WALL-INNER
;MESH:shim_v7.stl
G1 F1500 X110.5 Y122.5 E85.49617
G1 X118.5 Y122.5 E85.62921
G1 X118.5 Y114.5 E85.76225
G1 X110.5 Y114.5 E85.89529
G0 F7200 X110.1 Y114.25
G1 F1500 X110.1 Y122.75 E86.03664
G1 X110.25 Y122.9 E86.04017
G1 X118.75 Y122.9 E86.18153
G1 X118.9 Y122.75 E86.18505
G1 X118.9 Y114.25 E86.32641
G1 X118.75 Y114.1 E86.32994
G1 X110.25 Y114.1 E86.47129
G1 X110.1 Y114.25 E86.47482
G0 F7200 X109.7 Y114.084
;TYPE:WALL-OUTER
G1 F1500 X109.7 Y122.916 E86.6217
G1 X110.084 Y123.3 E86.63073
G1 X118.916 Y123.3 E86.77761
G1 X119.3 Y122.916 E86.78664
G1 X119.3 Y114.084 E86.93351
G1 X118.916 Y113.7 E86.94255
G1 X110.084 Y113.7 E87.08942
G1 X109.7 Y114.084 E87.09845
G0 F7200 X110.392 Y114.37
G0 X110.6 Y114.82
G0 X110.82 Y114.82
;TYPE:SKIN
G1 F1200 X110.82 Y122.18 E87.2233
G1 X118.18 Y122.18 E87.34814
G1 X118.18 Y114.82 E87.47299
G1 X110.82 Y114.82 E87.59783
G0 F7200 X111.254 Y115.019
G1 F1200 X111.02 Y115.254 E87.60346
G0 F7200 X111.02 Y115.819
G1 F1200 X111.82 Y115.019 E87.62265
G0 F7200 X112.386 Y115.019
G1 F1200 X111.02 Y116.385 E87.65542
G0 F7200 X111.02 Y116.951
G1 F1200 X112.951 Y115.019 E87.70175
G0 F7200 X113.517 Y115.019
G1 F1200 X111.02 Y117.516 E87.76165
G0 F7200 X111.02 Y118.082
G1 F1200 X114.083 Y115.019 E87.83513
G0 F7200 X114.648 Y115.019
G1 F1200 X111.02 Y118.648 E87.92217
G0 F7200 X111.02 Y119.213
G1 F1200 X115.214 Y115.019 E88.02278
G0 F7200 X115.78 Y115.019
G1 F1200 X111.02 Y119.779 E88.13697
G0 F7200 X111.02 Y120.345
G1 F1200 X116.345 Y115.019 E88.26472
G0 F7200 X116.911 Y115.019
G1 F1200 X111.02 Y120.911 E88.40605
G0 F7200 X111.02 Y121.476
G1 F1200 X117.477 Y115.019 E88.56095
G0 F7200 X117.979 Y115.083
G1 F1200 X111.082 Y121.979 E88.72639
G0 F7200 X111.648 Y121.979
G1 F1200 X117.979 Y115.648 E88.87826
G0 F7200 X117.979 Y116.214
G1 F1200 X112.214 Y121.979 E89.01656
G0 F7200 X112.779 Y121.979
G1 F1200 X117.979 Y116.78 E89.14129
G0 F7200 X117.979 Y117.345
G1 F1200 X113.345 Y121.979 E89.25245
G0 F7200 X113.911 Y121.979
G1 F1200 X117.979 Y117.911 E89.35004
G0 F7200 X117.979 Y118.477
G1 F1200 X114.477 Y121.979 E89.43405
G0 F7200 X115.042 Y121.979
G1 F1200 X117.979 Y119.042 E89.5045
G0 F7200 X117.979 Y119.608
G1 F1200 X115.608 Y121.979 E89.56138
G0 F7200 X116.174 Y121.979
G1 F1200 X117.979 Y120.174 E89.60468
G0 F7200 X117.979 Y120.739
G1 F1200 X116.739 Y121.979 E89.63443
G0 F7200 X117.305 Y121.979
G1 F1200 X117.979 Y121.305 E89.65059
G0 F7200 X117.979 Y121.871
G1 F1200 X117.871 Y121.979 E89.65319
;MESH:NONMESH
G0 F300 X117.871 Y121.979 Z1.3
G0 F7200 X117.871 Y122.4
G0 X110.672 Y122.328
G0 X110.5 Y114.5
;TIME_ELAPSED:297.547448
;LAYER:12
;TYPE:WALL-INNER
;MESH:shim_v7.stl
G1 F1500 X110.5 Y122.5 E89.78623
G1 X118.5 Y122.5 E89.91927
G1 X118.5 Y114.5 E90.05231
G1 X110.5 Y114.5 E90.18535
G0 F7200 X110.25 Y114.1
G1 F1500 X110.1 Y114.25 E90.18888
G1 X110.1 Y114.355 E90.19062
G1 X110.1 Y122.75 E90.33023
G1 X110.25 Y122.9 E90.33376
G1 X118.75 Y122.9 E90.47511
G1 X118.9 Y122.75 E90.47864
G1 X118.9 Y114.25 E90.62
G1 X118.75 Y114.1 E90.62353
G1 X110.25 Y114.1 E90.76488
G0 F7200 X110.084 Y113.7
;TYPE:WALL-OUTER
G1 F1500 X109.7 Y114.084 E90.77391
G1 X109.7 Y114.355 E90.77842
G1 X109.7 Y122.916 E90.92079
G1 X110.084 Y123.3 E90.92982
G1 X118.916 Y123.3 E91.0767
G1 X119.3 Y122.916 E91.08573
G1 X119.3 Y114.084 E91.2326
G1 X118.916 Y113.7 E91.24164
G1 X110.084 Y113.7 E91.38851
G0 F7200 X110.37 Y114.392
G0 X110.6 Y114.82
G0 X110.82 Y114.82
;TYPE:SKIN
G1 F1200 X110.82 Y122.18 E91.51336
G1 X118.18 Y122.18 E91.6382
G1 X118.18 Y114.82 E91.76305
G1 X110.82 Y114.82 E91.88789
G0 F7200 X110.6 Y114.82
G0 X118.328 Y114.672
G0 X118.4 Y115.151
G0 X117.98 Y115.151
G1 F1200 X117.847 Y115.019 E91.89107
G0 F7200 X117.282 Y115.019
G1 F1200 X117.98 Y115.717 E91.90782
G0 F7200 X117.98 Y116.283
G1 F1200 X116.716 Y115.019 E91.93814
G0 F7200 X116.15 Y115.019
G1 F1200 X117.98 Y116.848 E91.98203
G0 F7200 X117.98 Y117.414
G1 F1200 X115.585 Y115.019 E92.03948
G0 F7200 X115.019 Y115.019
G1 F1200 X117.98 Y117.98 E92.11051
G0 F7200 X117.98 Y118.545
G1 F1200 X114.453 Y115.019 E92.19511
G0 F7200 X113.888 Y115.019
G1 F1200 X117.98 Y119.111 E92.29327
G0 F7200 X117.98 Y119.677
G1 F1200 X113.322 Y115.019 E92.40501
G0 F7200 X112.756 Y115.019
G1 F1200 X117.98 Y120.242 E92.53031
G0 F7200 X117.98 Y120.808
G1 F1200 X112.19 Y115.019 E92.6692
G0 F7200 X111.625 Y115.019
G1 F1200 X117.98 Y121.374 E92.82165
G0 F7200 X117.98 Y121.939
G1 F1200 X111.059 Y115.019 E92.98766
G0 F7200 X111.02 Y115.545
G1 F1200 X117.453 Y121.978 E93.14198
G0 F7200 X116.887 Y121.978
G1 F1200 X111.02 Y116.111 E93.28272
G0 F7200 X111.02 Y116.676
G1 F1200 X116.321 Y121.978 E93.4099
G0 F7200 X115.756 Y121.978
G1 F1200 X111.02 Y117.242 E93.52351
G0 F7200 X111.02 Y117.808
G1 F1200 X115.19 Y121.978 E93.62355
G0 F7200 X114.624 Y121.978
G1 F1200 X111.02 Y118.373 E93.71001
G0 F7200 X111.02 Y118.939
G1 F1200 X114.059 Y121.978 E93.78292
G0 F7200 X113.493 Y121.978
G1 F1200 X111.02 Y119.505 E93.84224
G0 F7200 X111.02 Y120.07
G1 F1200 X112.927 Y121.978 E93.888
G0 F7200 X112.362 Y121.978
G1 F1200 X111.02 Y120.636 E93.92019
G0 F7200 X111.02 Y121.202
G1 F1200 X111.796 Y121.978 E93.93881
G0 F7200 X111.23 Y121.978
G1 F1200 X111.02 Y121.768 E93.94384
;MESH:NONMESH
G0 F300 X111.02 Y121.768 Z1.4
G0 F7200 X110.6 Y121.768
G0 X110.5 Y114.5
;TIME_ELAPSED:312.170882
;LAYER:13
;TYPE:WALL-INNER
;MESH:shim_v7.stl
G1 F1500 X110.5 Y122.5 E94.07689
G1 X118.5 Y122.5 E94.20993
G1 X118.5 Y114.5 E94.34297
G1 X110.5 Y114.5 E94.47601
G0 F7200 X110.1 Y114.25
G1 F1500 X110.1 Y122.75 E94.61736
G1 X110.25 Y122.9 E94.62089
G1 X118.75 Y122.9 E94.76225
G1 X118.9 Y122.75 E94.76577
G1 X118.9 Y114.25 E94.90713
G1 X118.75 Y114.1 E94.91066
G1 X110.25 Y114.1 E95.05201
G1 X110.1 Y114.25 E95.05554
G0 F7200 X109.7 Y114.084
;TYPE:WALL-OUTER
G1 F1500 X109.7 Y122.916 E95.20242
G1 X110.084 Y123.3 E95.21145
G1 X118.916 Y123.3 E95.35832
G1 X119.3 Y122.916 E95.36736
G1 X119.3 Y114.084 E95.51423
G1 X118.916 Y113.7 E95.52326
G1 X110.084 Y113.7 E95.67014
G1 X109.7 Y114.084 E95.67917
G0 F7200 X110.392 Y114.37
G0 X110.6 Y114.82
G0 X110.82 Y114.82
;TYPE:SKIN
G1 F1200 X110.82 Y122.18 E95.80402
G1 X118.18 Y122.18 E95.92886
G1 X118.18 Y114.82 E96.05371
G1 X110.82 Y114.82 E96.17855
G0 F7200 X111.254 Y115.019
G1 F1200 X111.02 Y115.254 E96.18418
G0 F7200 X111.02 Y115.819
G1 F1200 X111.82 Y115.019 E96.20337
G0 F7200 X112.386 Y115.019
G1 F1200 X111.02 Y116.385 E96.23614
G0 F7200 X111.02 Y116.951
G1 F1200 X112.951 Y115.019 E96.28247
G0 F7200 X113.517 Y115.019
G1 F1200 X111.02 Y117.516 E96.34237
G0 F7200 X111.02 Y118.082
G1 F1200 X114.083 Y115.019 E96.41585
G0 F7200 X114.648 Y115.019
G1 F1200 X111.02 Y118.648 E96.50289
G0 F7200 X111.02 Y119.213
G1 F1200 X115.214 Y115.019 E96.6035
G0 F7200 X115.78 Y115.019
G1 F1200 X111.02 Y119.779 E96.71769
G0 F7200 X111.02 Y120.345
G1 F1200 X116.345 Y115.019 E96.84544
G0 F7200 X116.911 Y115.019
G1 F1200 X111.02 Y120.911 E96.98677
G0 F7200 X111.02 Y121.476
G1 F1200 X117.477 Y115.019 E97.14167
G0 F7200 X117.979 Y115.083
G1 F1200 X111.082 Y121.979 E97.30711
G0 F7200 X111.648 Y121.979
G1 F1200 X117.979 Y115.648 E97.45898
G0 F7200 X117.979 Y116.214
G1 F1200 X112.214 Y121.979 E97.59728
G0 F7200 X112.779 Y121.979
G1 F1200 X117.979 Y116.78 E97.72201
G0 F7200 X117.979 Y117.345
G1 F1200 X113.345 Y121.979 E97.83317
G0 F7200 X113.911 Y121.979
G1 F1200 X117.979 Y117.911 E97.93076
G0 F7200 X117.979 Y118.477
G1 F1200 X114.477 Y121.979 E98.01477
G0 F7200 X115.042 Y121.979
G1 F1200 X117.979 Y119.042 E98.08522
G0 F7200 X117.979 Y119.608
G1 F1200 X115.608 Y121.979 E98.1421
G0 F7200 X116.174 Y121.979
G1 F1200 X117.979 Y120.174 E98.1854
G0 F7200 X117.979 Y120.739
G1 F1200 X116.739 Y121.979 E98.21514
G0 F7200 X117.305 Y121.979
G1 F1200 X117.979 Y121.305 E98.23131
G0 F7200 X117.979 Y121.871
G1 F1200 X117.871 Y121.979 E98.2339
;MESH:NONMESH
G0 F300 X117.871 Y121.979 Z1.5
G0 F7200 X117.871 Y122.4
G0 X110.672 Y122.328
G0 X110.5 Y114.5
;TIME_ELAPSED:326.741295
;LAYER:14
;TYPE:WALL-INNER
;MESH:shim_v7.stl
G1 F1500 X110.5 Y122.5 E98.36694
G1 X118.5 Y122.5 E98.49999
G1 X118.5 Y114.5 E98.63303
G1 X110.5 Y114.5 E98.76607
G0 F7200 X110.1 Y114.25
G1 F1500 X110.1 Y122.75 E98.90742
G1 X110.25 Y122.9 E98.91095
G1 X118.75 Y122.9 E99.05231
G1 X118.9 Y122.75 E99.05583
G1 X118.9 Y114.25 E99.19719
G1 X118.75 Y114.1 E99.20072
G1 X110.25 Y114.1 E99.34207
G1 X110.1 Y114.25 E99.3456
G0 F7200 X109.7 Y114.084
;TYPE:WALL-OUTER
G1 F1500 X109.7 Y122.916 E99.49248
G1 X110.084 Y123.3 E99.50151
G1 X118.916 Y123.3 E99.64838
G1 X119.3 Y122.916 E99.65742
G1 X119.3 Y114.084 E99.80429
G1 X118.916 Y113.7 E99.81332
G1 X110.084 Y113.7 E99.9602
G1 X109.7 Y114.084 E99.96923
G0 F7200 X110.392 Y114.37
G0 X110.6 Y114.82
G0 X110.82 Y114.82
;TYPE:SKIN
G1 F1200 X110.82 Y122.18 E100.09408
G1 X118.18 Y122.18 E100.21892
G1 X118.18 Y114.82 E100.34377
G1 X110.82 Y114.82 E100.46861
G0 F7200 X110.6 Y114.82
G0 X118.328 Y114.672
G0 X118.4 Y115.151
G0 X117.98 Y115.151
G1 F1200 X117.847 Y115.019 E100.47179
G0 F7200 X117.282 Y115.019
G1 F1200 X117.98 Y115.717 E100.48853
G0 F7200 X117.98 Y116.283
G1 F1200 X116.716 Y115.019 E100.51886
G0 F7200 X116.15 Y115.019
G1 F1200 X117.98 Y116.848 E100.56274
G0 F7200 X117.98 Y117.414
G1 F1200 X115.585 Y115.019 E100.6202
G0 F7200 X115.019 Y115.019
G1 F1200 X117.98 Y117.98 E100.69123
G0 F7200 X117.98 Y118.545
G1 F1200 X114.453 Y115.019 E100.77582
G0 F7200 X113.888 Y115.019
G1 F1200 X117.98 Y119.111 E100.87399
G0 F7200 X117.98 Y119.677
G1 F1200 X113.322 Y115.019 E100.98573
G0 F7200 X112.756 Y115.019
G1 F1200 X117.98 Y120.242 E101.11103
G0 F7200 X117.98 Y120.808
G1 F1200 X112.19 Y115.019 E101.24992
G0 F7200 X111.625 Y115.019
G1 F1200 X117.98 Y121.374 E101.40237
G0 F7200 X117.98 Y121.939
G1 F1200 X111.059 Y115.019 E101.56838
G0 F7200 X111.02 Y115.545
G1 F1200 X117.453 Y121.978 E101.7227
G0 F7200 X116.887 Y121.978
G1 F1200 X111.02 Y116.111 E101.86344
G0 F7200 X111.02 Y116.676
G1 F1200 X116.321 Y121.978 E101.99062
G0 F7200 X115.756 Y121.978
G1 F1200 X111.02 Y117.242 E102.10423
G0 F7200 X111.02 Y117.808
G1 F1200 X115.19 Y121.978 E102.20426
G0 F7200 X114.624 Y121.978
G1 F1200 X111.02 Y118.373 E102.29073
G0 F7200 X111.02 Y118.939
G1 F1200 X114.059 Y121.978 E102.36363
G0 F7200 X113.493 Y121.978
G1 F1200 X111.02 Y119.505 E102.42296
G0 F7200 X111.02 Y120.07
G1 F1200 X112.927 Y121.978 E102.46872
G0 F7200 X112.362 Y121.978
G1 F1200 X111.02 Y120.636 E102.50091
G0 F7200 X111.02 Y121.202
G1 F1200 X111.796 Y121.978 E102.51953
G0 F7200 X111.23 Y121.978
G1 F1200 X111.02 Y121.768 E102.52456
;MESH:NONMESH
G0 F300 X111.02 Y121.768 Z1.6
G0 F7200 X110.6 Y121.768
G0 X110.5 Y114.5
;TIME_ELAPSED:341.376024
;LAYER:15
;TYPE:WALL-INNER
;MESH:shim_v7.stl
G1 F1500 X110.5 Y122.5 E102.6576
G1 X118.5 Y122.5 E102.79064
G1 X118.5 Y114.5 E102.92368
G1 X110.5 Y114.5 E103.05673
G0 F7200 X110.1 Y114.25
G1 F1500 X110.1 Y122.75 E103.19808
G1 X110.25 Y122.9 E103.20161
G1 X118.75 Y122.9 E103.34296
G1 X118.9 Y122.75 E103.34649
G1 X118.9 Y114.25 E103.48785
G1 X118.75 Y114.1 E103.49138
G1 X110.25 Y114.1 E103.63273
G1 X110.1 Y114.25 E103.63626
G0 F7200 X109.7 Y114.084
;TYPE:WALL-OUTER
G1 F1500 X109.7 Y122.916 E103.78314
G1 X110.084 Y123.3 E103.79217
G1 X118.916 Y123.3 E103.93904
G1 X119.3 Y122.916 E103.94807
G1 X119.3 Y114.084 E104.09495
G1 X118.916 Y113.7 E104.10398
G1 X110.084 Y113.7 E104.25086
G1 X109.7 Y114.084 E104.25989
G0 F7200 X110.392 Y114.37
G0 X110.6 Y114.82
G0 X110.82 Y114.82
;TYPE:SKIN
G1 F1200 X110.82 Y122.18 E104.38474
G1 X118.18 Y122.18 E104.50958
G1 X118.18 Y114.82 E104.63443
G1 X110.82 Y114.82 E104.75927
G0 F7200 X111.254 Y115.019
G1 F1200 X111.02 Y115.254 E104.7649
G0 F7200 X111.02 Y115.819
G1 F1200 X111.82 Y115.019 E104.78409
G0 F7200 X112.386 Y115.019
G1 F1200 X111.02 Y116.385 E104.81686
G0 F7200 X111.02 Y116.951
G1 F1200 X112.951 Y115.019 E104.86319
G0 F7200 X113.517 Y115.019
G1 F1200 X111.02 Y117.516 E104.92309
G0 F7200 X111.02 Y118.082
G1 F1200 X114.083 Y115.019 E104.99657
G0 F7200 X114.648 Y115.019
G1 F1200 X111.02 Y118.648 E105.08361
G0 F7200 X111.02 Y119.213
G1 F1200 X115.214 Y115.019 E105.18422
G0 F7200 X115.78 Y115.019
G1 F1200 X111.02 Y119.779 E105.29841
G0 F7200 X111.02 Y120.345
G1 F1200 X116.345 Y115.019 E105.42616
G0 F7200 X116.911 Y115.019
G1 F1200 X111.02 Y120.911 E105.56749
G0 F7200 X111.02 Y121.476
G1 F1200 X117.477 Y115.019 E105.72239
G0 F7200 X117.979 Y115.083
G1 F1200 X111.082 Y121.979 E105.88783
G0 F7200 X111.648 Y121.979
G1 F1200 X117.979 Y115.648 E106.0397
G0 F7200 X117.979 Y116.214
G1 F1200 X112.214 Y121.979 E106.17799
G0 F7200 X112.779 Y121.979
G1 F1200 X117.979 Y116.78 E106.30272
G0 F7200 X117.979 Y117.345
G1 F1200 X113.345 Y121.979 E106.41389
G0 F7200 X113.911 Y121.979
G1 F1200 X117.979 Y117.911 E106.51148
G0 F7200 X117.979 Y118.477
G1 F1200 X114.477 Y121.979 E106.59548
G0 F7200 X115.042 Y121.979
G1 F1200 X117.979 Y119.042 E106.66594
G0 F7200 X117.979 Y119.608
G1 F1200 X115.608 Y121.979 E106.72282
G0 F7200 X116.174 Y121.979
G1 F1200 X117.979 Y120.174 E106.76612
G0 F7200 X117.979 Y120.739
G1 F1200 X116.739 Y121.979 E106.79586
G0 F7200 X117.305 Y121.979
G1 F1200 X117.979 Y121.305 E106.81203
G0 F7200 X117.979 Y121.871
G1 F1200 X117.871 Y121.979 E106.81462
;MESH:NONMESH
G0 F300 X117.871 Y121.979 Z1.7
G0 F7200 X117.871 Y122.4
G0 X110.672 Y122.328
G0 X110.5 Y114.5
;TIME_ELAPSED:355.946436
;LAYER:16
;TYPE:WALL-INNER
;MESH:shim_v7.stl
G1 F1500 X110.5 Y122.5 E106.94766
G1 X118.5 Y122.5 E107.0807
G1 X118.5 Y114.5 E107.21374
G1 X110.5 Y114.5 E107.34678
G0 F7200 X110.1 Y114.25
G1 F1500 X110.1 Y122.75 E107.48814
G1 X110.25 Y122.9 E107.49167
G1 X118.75 Y122.9 E107.63302
G1 X118.9 Y122.75 E107.63655
G1 X118.9 Y114.25 E107.77791
G1 X118.75 Y114.1 E107.78143
G1 X110.25 Y114.1 E107.92279
G1 X110.1 Y114.25 E107.92632
G0 F7200 X109.7 Y114.084
;TYPE:WALL-OUTER
G1 F1500 X109.7 Y122.916 E108.07319
G1 X110.084 Y123.3 E108.08223
G1 X118.916 Y123.3 E108.2291
G1 X119.3 Y122.916 E108.23813
G1 X119.3 Y114.084 E108.38501
G1 X118.916 Y113.7 E108.39404
G1 X110.084 Y113.7 E108.54092
G1 X109.7 Y114.084 E108.54995
G0 F7200 X110.392 Y114.37
G0 X110.6 Y114.82
G0 X110.82 Y114.82
;TYPE:SKIN
G1 F1200 X110.82 Y122.18 E108.67479
G1 X118.18 Y122.18 E108.79964
G1 X118.18 Y114.82 E108.92449
G1 X110.82 Y114.82 E109.04933
G0 F7200 X110.6 Y114.82
G0 X118.328 Y114.672
G0 X118.4 Y115.151
G0 X117.98 Y115.151
G1 F1200 X117.847 Y115.019 E109.05251
G0 F7200 X117.282 Y115.019
G1 F1200 X117.98 Y115.717 E109.06925
G0 F7200 X117.98 Y116.283
G1 F1200 X116.716 Y115.019 E109.09958
G0 F7200 X116.15 Y115.019
G1 F1200 X117.98 Y116.848 E109.14346
G0 F7200 X117.98 Y117.414
G1 F1200 X115.585 Y115.019 E109.20092
G0 F7200 X115.019 Y115.019
G1 F1200 X117.98 Y117.98 E109.27195
G0 F7200 X117.98 Y118.545
G1 F1200 X114.453 Y115.019 E109.35654
G0 F7200 X113.888 Y115.019
G1 F1200 X117.98 Y119.111 E109.45471
G0 F7200 X117.98 Y119.677
G1 F1200 X113.322 Y115.019 E109.56645
G0 F7200 X112.756 Y115.019
G1 F1200 X117.98 Y120.242 E109.69175
G0 F7200 X117.98 Y120.808
G1 F1200 X112.19 Y115.019 E109.83063
G0 F7200 X111.625 Y115.019
G1 F1200 X117.98 Y121.374 E109.98308
G0 F7200 X117.98 Y121.939
G1 F1200 X111.059 Y115.019 E110.1491
G0 F7200 X111.02 Y115.545
G1 F1200 X117.453 Y121.978 E110.30342
G0 F7200 X116.887 Y121.978
G1 F1200 X111.02 Y116.111 E110.44416
G0 F7200 X111.02 Y116.676
G1 F1200 X116.321 Y121.978 E110.57134
G0 F7200 X115.756 Y121.978
G1 F1200 X111.02 Y117.242 E110.68495
G0 F7200 X111.02 Y117.808
G1 F1200 X115.19 Y121.978 E110.78498
G0 F7200 X114.624 Y121.978
G1 F1200 X111.02 Y118.373 E110.87145
G0 F7200 X111.02 Y118.939
G1 F1200 X114.059 Y121.978 E110.94435
G0 F7200 X113.493 Y121.978
G1 F1200 X111.02 Y119.505 E111.00368
G0 F7200 X111.02 Y120.07
G1 F1200 X112.927 Y121.978 E111.04944
G0 F7200 X112.362 Y121.978
G1 F1200 X111.02 Y120.636 E111.08163
G0 F7200 X111.02 Y121.202
G1 F1200 X111.796 Y121.978 E111.10024
G0 F7200 X111.23 Y121.978
G1 F1200 X111.02 Y121.768 E111.10528
;MESH:NONMESH
G0 F300 X111.02 Y121.768 Z1.8
G0 F7200 X110.6 Y121.768
G0 X110.5 Y114.5
;TIME_ELAPSED:370.581165
;LAYER:17
;TYPE:WALL-INNER
;MESH:shim_v7.stl
G1 F1500 X110.5 Y122.5 E111.23832
G1 X118.5 Y122.5 E111.37136
G1 X118.5 Y114.5 E111.5044
G1 X110.5 Y114.5 E111.63744
G0 F7200 X110.1 Y114.25
G1 F1500 X110.1 Y122.75 E111.7788
G1 X110.25 Y122.9 E111.78233
G1 X118.75 Y122.9 E111.92368
G1 X118.9 Y122.75 E111.92721
G1 X118.9 Y114.25 E112.06857
G1 X118.75 Y114.1 E112.07209
G1 X110.25 Y114.1 E112.21345
G1 X110.1 Y114.25 E112.21698
G0 F7200 X109.7 Y114.084
;TYPE:WALL-OUTER
G1 F1500 X109.7 Y122.916 E112.36385
G1 X110.084 Y123.3 E112.37289
G1 X118.916 Y123.3 E112.51976
G1 X119.3 Y122.916 E112.52879
G1 X119.3 Y114.084 E112.67567
G1 X118.916 Y113.7 E112.6847
G1 X110.084 Y113.7 E112.83158
G1 X109.7 Y114.084 E112.84061
G0 F7200 X110.392 Y114.37
G0 X110.6 Y114.82
G0 X110.82 Y114.82
;TYPE:SKIN
G1 F1200 X110.82 Y118.5 E112.90303
G1 X110.82 Y122.18 E112.96545
G1 X118.18 Y122.18 E113.0903
G1 X118.18 Y114.82 E113.21514
G1 X110.82 Y114.82 E113.33999
G0 F7200 X111.254 Y115.019
G1 F1200 X111.02 Y115.254 E113.34561
G0 F7200 X111.02 Y115.819
G1 F1200 X111.82 Y115.019 E113.36481
G0 F7200 X112.386 Y115.019
G1 F1200 X111.02 Y116.385 E113.39757
G0 F7200 X111.02 Y116.951
G1 F1200 X112.951 Y115.019 E113.44391
G0 F7200 X113.517 Y115.019
G1 F1200 X111.02 Y117.516 E113.50381
G0 F7200 X111.02 Y118.082
G1 F1200 X114.083 Y115.019 E113.57729
G0 F7200 X114.648 Y115.019
G1 F1200 X111.02 Y118.648 E113.66433
G0 F7200 X111.02 Y119.213
G1 F1200 X115.214 Y115.019 E113.76494
G0 F7200 X115.78 Y115.019
G1 F1200 X111.02 Y119.779 E113.87913
G0 F7200 X111.02 Y120.345
G1 F1200 X116.345 Y115.019 E114.00688
G0 F7200 X116.911 Y115.019
G1 F1200 X111.02 Y120.911 E114.14821
G0 F7200 X111.02 Y121.476
G1 F1200 X117.477 Y115.019 E114.30311
G0 F7200 X117.979 Y115.083
G1 F1200 X111.082 Y121.979 E114.46854
G0 F7200 X111.648 Y121.979
G1 F1200 X117.979 Y115.648 E114.62042
G0 F7200 X117.979 Y116.214
G1 F1200 X112.214 Y121.979 E114.75871
G0 F7200 X112.779 Y121.979
G1 F1200 X117.979 Y116.78 E114.88344
G0 F7200 X117.979 Y117.345
G1 F1200 X113.345 Y121.979 E114.99461
G0 F7200 X113.911 Y121.979
G1 F1200 X117.979 Y117.911 E115.09219
G0 F7200 X117.979 Y118.477
G1 F1200 X114.477 Y121.979 E115.1762
G0 F7200 X115.042 Y121.979
G1 F1200 X117.979 Y119.042 E115.24666
G0 F7200 X117.979 Y119.608
G1 F1200 X115.608 Y121.979 E115.30354
G0 F7200 X116.174 Y121.979
G1 F1200 X117.979 Y120.174 E115.34684
G0 F7200 X117.979 Y120.739
G1 F1200 X116.739 Y121.979 E115.37658
G0 F7200 X117.305 Y121.979
G1 F1200 X117.979 Y121.305 E115.39275
G0 F7200 X117.979 Y121.871
G1 F1200 X117.871 Y121.979 E115.39534
;MESH:NONMESH
G0 F300 X117.871 Y121.979 Z1.9
G0 F7200 X117.871 Y122.4
G0 X110.672 Y122.328
G0 X110.5 Y114.5
;TIME_ELAPSED:385.151578
;LAYER:18
;TYPE:WALL-INNER
;MESH:shim_v7.stl
G1 F1500 X110.5 Y122.5 E115.52838
G1 X118.5 Y122.5 E115.66142
G1 X118.5 Y114.5 E115.79446
G1 X110.5 Y114.5 E115.9275
G0 F7200 X110.1 Y114.25
G1 F1500 X110.1 Y122.75 E116.06886
G1 X110.25 Y122.9 E116.07239
G1 X118.75 Y122.9 E116.21374
G1 X118.9 Y122.75 E116.21727
G1 X118.9 Y114.25 E116.35863
G1 X118.75 Y114.1 E116.36215
G1 X110.25 Y114.1 E116.50351
G1 X110.1 Y114.25 E116.50704
G0 F7200 X109.7 Y114.084
;TYPE:WALL-OUTER
G1 F1500 X109.7 Y122.916 E116.65391
G1 X110.084 Y123.3 E116.66294
G1 X118.916 Y123.3 E116.80982
G1 X119.3 Y122.916 E116.81885
G1 X119.3 Y114.084 E116.96573
G1 X118.916 Y113.7 E116.97476
G1 X110.084 Y113.7 E117.12164
G1 X109.7 Y114.084 E117.13067
G0 F7200 X110.392 Y114.37
G0 X110.6 Y114.9
G0 X110.9 Y114.9
;TYPE:SKIN
G1 F1200 X110.9 Y122.1 E117.2528
G1 X118.1 Y122.1 E117.37493
G1 X118.1 Y114.9 E117.49706
G1 X110.9 Y114.9 E117.61919
G0 F7200 X110.6 Y114.9
G0 X117.699 Y114.6
G0 X117.699 Y115.299
;TYPE:SKIN
G1 F1200 X117.562 Y115.299 E117.62152
G1 X117.7 Y115.437 E117.62483
G1 X117.7 Y116.002 E117.63441
G1 X116.996 Y115.299 E117.65129
G1 X116.43 Y115.299 E117.66089
G1 X117.7 Y116.568 E117.69134
G1 X117.7 Y117.134 E117.70094
G1 X115.865 Y115.299 E117.74496
G1 X115.299 Y115.299 E117.75456
G1 X117.7 Y117.7 E117.81216
G1 X117.7 Y118.265 E117.82174
G1 X114.733 Y115.299 E117.89291
G1 X114.168 Y115.299 E117.90249
G1 X117.7 Y118.831 E117.98722
G1 X117.7 Y119.397 E117.99682
G1 X113.602 Y115.299 E118.09513
G1 X113.036 Y115.299 E118.10473
G1 X117.7 Y119.962 E118.2166
G1 X117.7 Y120.528 E118.2262
G1 X112.47 Y115.299 E118.35165
G1 X111.905 Y115.299 E118.36123
G1 X117.7 Y121.094 E118.50025
G1 X117.7 Y121.659 E118.50983
G1 X111.339 Y115.299 E118.66241
G1 X111.3 Y115.299 E118.66308
G1 X111.3 Y115.825 E118.672
G1 X117.173 Y121.698 E118.81288
G1 X116.607 Y121.698 E118.82249
G1 X111.3 Y116.391 E118.94979
G1 X111.3 Y116.956 E118.95938
G1 X116.041 Y121.698 E119.07312
G1 X115.476 Y121.698 E119.08271
G1 X111.3 Y117.522 E119.18288
G1 X111.3 Y118.088 E119.19248
G1 X114.91 Y121.698 E119.27908
G1 X114.344 Y121.698 E119.28868
G1 X111.3 Y118.653 E119.36172
G1 X111.3 Y119.219 E119.37132
G1 X113.779 Y121.698 E119.43079
G1 X113.213 Y121.698 E119.44039
G1 X111.3 Y119.785 E119.48628
G1 X111.3 Y120.35 E119.49586
G1 X112.647 Y121.698 E119.52819
G1 X112.082 Y121.698 E119.53777
G1 X111.3 Y120.916 E119.55653
G1 X111.3 Y121.482 E119.56613
G1 X111.516 Y121.698 E119.57131
G1 X111.3 Y121.698 E119.57498
;MESH:NONMESH
G0 F300 X111.3 Y121.698 Z2
G0 F7200 X110.6 Y121.698
G0 X110.5 Y114.5
;TIME_ELAPSED:398.341300
;LAYER:19
;TYPE:WALL-INNER
;MESH:shim_v7.stl
G1 F1500 X110.5 Y122.5 E119.70802
G1 X118.5 Y122.5 E119.84106
G1 X118.5 Y114.5 E119.9741
G1 X110.5 Y114.5 E120.10714
G0 F7200 X110.25 Y114.1
G1 F1500 X110.1 Y114.25 E120.11067
G1 X110.1 Y114.355 E120.11241
G1 X110.1 Y122.75 E120.25202
G1 X110.25 Y122.9 E120.25555
G1 X118.75 Y122.9 E120.39691
G1 X118.9 Y122.75 E120.40043
G1 X118.9 Y114.25 E120.54179
G1 X118.75 Y114.1 E120.54532
G1 X110.25 Y114.1 E120.68667
G0 F7200 X110.084 Y113.7
;TYPE:WALL-OUTER
G1 F1500 X109.7 Y114.084 E120.6957
G1 X109.7 Y114.355 E120.70021
G1 X109.7 Y122.916 E120.84258
G1 X110.084 Y123.3 E120.85161
G1 X118.916 Y123.3 E120.99849
G1 X119.3 Y122.916 E121.00752
G1 X119.3 Y114.084 E121.1544
G1 X118.916 Y113.7 E121.16343
G1 X110.084 Y113.7 E121.3103
G0 F7200 X110.37 Y114.392
G0 X110.6 Y114.9
G0 X110.9 Y114.9
;TYPE:SKIN
G1 F1200 X110.9 Y122.1 E121.43244
G1 X118.1 Y122.1 E121.55457
G1 X118.1 Y114.9 E121.6767
G1 X110.9 Y114.9 E121.79883
G0 F7200 X111.3 Y115.299
;TYPE:SKIN
G1 F1200 X111.3 Y115.539 E121.8029
G1 X111.54 Y115.299 E121.80866
G0 F7200 X111.3 Y115.539
G1 F1200 X111.3 Y116.105 E121.81826
G1 X112.106 Y115.299 E121.83759
G1 X112.671 Y115.299 E121.84718
G1 X111.3 Y116.671 E121.88008
G1 X111.3 Y117.236 E121.88966
G1 X113.237 Y115.299 E121.93613
G1 X113.803 Y115.299 E121.94573
G1 X111.3 Y117.802 E122.00577
G1 X111.3 Y118.368 E122.01537
G1 X114.368 Y115.299 E122.08898
G1 X114.934 Y115.299 E122.09858
G1 X111.3 Y118.933 E122.18576
G1 X111.3 Y119.499 E122.19536
G1 X115.5 Y115.299 E122.29611
G1 X116.065 Y115.299 E122.3057
G1 X111.3 Y120.065 E122.42002
G1 X111.3 Y120.631 E122.42962
G1 X116.631 Y115.299 E122.55751
G1 X117.197 Y115.299 E122.56711
G1 X111.3 Y121.196 E122.70858
G1 X111.3 Y121.698 E122.71709
G1 X111.362 Y121.699 E122.71814
G1 X117.699 Y115.363 E122.87015
G1 X117.699 Y115.928 E122.87973
G1 X111.928 Y121.699 E123.01817
G1 X112.494 Y121.699 E123.02777
G1 X117.699 Y116.494 E123.15264
G1 X117.699 Y117.06 E123.16224
G1 X113.06 Y121.699 E123.27352
G1 X113.625 Y121.699 E123.2831
G1 X117.699 Y117.625 E123.38084
G1 X117.699 Y118.191 E123.39044
G1 X114.191 Y121.699 E123.47459
G1 X114.757 Y121.699 E123.48419
G1 X117.699 Y118.757 E123.55476
G1 X117.699 Y119.322 E123.56435
G1 X115.322 Y121.699 E123.62137
G1 X115.888 Y121.699 E123.63097
G1 X117.699 Y119.888 E123.67441
G1 X117.699 Y120.454 E123.68402
G1 X116.454 Y121.699 E123.71388
G1 X117.019 Y121.699 E123.72347
G1 X117.699 Y121.019 E123.73978
G1 X117.699 Y121.585 E123.74938
G1 X117.585 Y121.699
G1 X117.699 Y121.585 E123.75211
G1 X117.7 Y121.699 E123.75405
G0 F7200 X118.4 Y121.699
G0 X118.608 Y114.37
G0 X119.195 Y114.127
G0 X119.145 Y114.195
;TYPE:SKIN
G1 F3600 X118.804 Y113.854 E123.75465
G1 X118.663 Y113.854 E123.75482
G1 X119.145 Y114.337 E123.75568
G1 X119.145 Y114.478 E123.75585
G1 X118.521 Y113.854 E123.75695
G1 X118.38 Y113.854 E123.75713
G1 X119.145 Y114.619 E123.75848
G1 X119.145 Y114.761 E123.75865
G1 X118.238 Y113.854 E123.76025
G1 X118.097 Y113.854 E123.76043
G1 X119.145 Y114.902 E123.76228
G1 X119.145 Y115.044 E123.76246
G1 X117.956 Y113.854 E123.76455
G1 X117.814 Y113.854 E123.76473
G1 X119.145 Y115.185 E123.76708
G1 X119.145 Y115.326 E123.76726
G1 X117.673 Y113.854 E123.76985
G1 X117.531 Y113.854 E123.77003
G1 X119.145 Y115.468 E123.77288
G1 X119.145 Y115.609 E123.77305
G1 X117.39 Y113.854 E123.77615
G1 X117.248 Y113.854 E123.77632
G1 X119.145 Y115.751 E123.77967
G1 X119.145 Y115.892 E123.77985
G1 X117.107 Y113.854 E123.78344
G1 X116.966 Y113.854 E123.78362
G1 X119.145 Y116.034 E123.78746
G1 X119.145 Y116.175 E123.78764
G1 X116.824 Y113.854 E123.79173
G1 X116.683 Y113.854 E123.79191
G1 X119.145 Y116.316 E123.79625
G1 X119.145 Y116.458 E123.79643
G1 X116.541 Y113.854 E123.80102
G1 X116.4 Y113.854 E123.8012
G1 X119.145 Y116.599 E123.80604
G1 X119.145 Y116.741 E123.80621
G1 X116.258 Y113.854 E123.81131
G1 X116.117 Y113.854 E123.81148
G1 X119.145 Y116.882 E123.81682
G1 X119.145 Y117.024 E123.817
G1 X115.976 Y113.854 E123.82259
G1 X115.834 Y113.854 E123.82277
G1 X119.145 Y117.165 E123.82861
G1 X119.145 Y117.306 E123.82878
G1 X115.693 Y113.854 E123.83487
G1 X115.551 Y113.854 E123.83505
G1 X119.145 Y117.448 E123.84139
G1 X119.145 Y117.589 E123.84157
G1 X115.41 Y113.854 E123.84815
G1 X115.269 Y113.854 E123.84833
G1 X119.145 Y117.731 E123.85517
G1 X119.145 Y117.872 E123.85534
G1 X115.127 Y113.854 E123.86243
G1 X114.986 Y113.854 E123.86261
G1 X119.145 Y118.014 E123.86994
G1 X119.145 Y118.155 E123.87012
G1 X114.844 Y113.854 E123.87771
G1 X114.703 Y113.854 E123.87788
G1 X119.145 Y118.296 E123.88572
G1 X119.145 Y118.438 E123.88589
G1 X114.561 Y113.854 E123.89398
G1 X114.42 Y113.854 E123.89416
G1 X119.145 Y118.579 E123.90249
G1 X119.145 Y118.721 E123.90267
G1 X114.279 Y113.854 E123.91125
G1 X114.137 Y113.854 E123.91143
G1 X119.145 Y118.862 E123.92026
G1 X119.145 Y119.003 E123.92044
G1 X113.996 Y113.854 E123.92952
G1 X113.854 Y113.854 E123.9297
G1 X119.145 Y119.145 E123.93903
G1 X119.145 Y119.286 E123.93921
G1 X113.713 Y113.854 E123.94879
G1 X113.571 Y113.854 E123.94896
G1 X119.145 Y119.428 E123.9588
G1 X119.145 Y119.569 E123.95897
G1 X113.43 Y113.854 E123.96905
G1 X113.289 Y113.854 E123.96923
G1 X119.145 Y119.711 E123.97956
G1 X119.145 Y119.852 E123.97973
G1 X113.147 Y113.854 E123.99031
G1 X113.006 Y113.854 E123.99049
G1 X119.145 Y119.993 E124.00132
G1 X119.145 Y120.135 E124.0015
G1 X112.864 Y113.854 E124.01257
G1 X112.723 Y113.854 E124.01275
G1 X119.145 Y120.276 E124.02408
G1 X119.145 Y120.418 E124.02426
G1 X112.582 Y113.854 E124.03583
G1 X112.44 Y113.854 E124.03601
G1 X119.145 Y120.559 E124.04784
G1 X119.145 Y120.701 E124.04801
G1 X112.299 Y113.854 E124.06009
G1 X112.157 Y113.854 E124.06027
G1 X119.145 Y120.842 E124.07259
G1 X119.145 Y120.983 E124.07277
G1 X112.016 Y113.854 E124.08534
G1 X111.874 Y113.854 E124.08552
G1 X119.145 Y121.125 E124.09835
G1 X119.145 Y121.266 E124.09852
G1 X111.733 Y113.854 E124.1116
G1 X111.592 Y113.854 E124.11177
G1 X119.145 Y121.408 E124.1251
G1 X119.145 Y121.549 E124.12527
G1 X111.45 Y113.854 E124.13884
G1 X111.309 Y113.854 E124.13902
G1 X119.145 Y121.69 E124.15284
G1 X119.145 Y121.832 E124.15302
G1 X111.167 Y113.854 E124.16709
G1 X111.026 Y113.854 E124.16727
G1 X119.145 Y121.973 E124.18159
G1 X119.145 Y122.115 E124.18177
G1 X110.884 Y113.854 E124.19634
G1 X110.743 Y113.854 E124.19651
G1 X119.145 Y122.256 E124.21133
G1 X119.145 Y122.398 E124.21151
G1 X110.602 Y113.854 E124.22658
G1 X110.46 Y113.854 E124.22676
G1 X119.145 Y122.539 E124.24208
G1 X119.145 Y122.68 E124.24225
G1 X110.319 Y113.854 E124.25782
G1 X110.177 Y113.854 E124.258
G1 X119.145 Y122.822 E124.27382
G1 X119.089 Y122.907 E124.27394
G1 X110.091 Y113.909 E124.28981
G1 X110.02 Y113.98 E124.28994
G1 X119.018 Y122.978 E124.30581
G1 X118.948 Y123.049 E124.30593
G1 X109.95 Y114.051 E124.32181
G1 X109.879 Y114.122 E124.32193
G1 X118.877 Y123.12 E124.3378
G1 X118.759 Y123.144 E124.33795
G1 X109.855 Y114.239 E124.35366
G1 X109.855 Y114.38 E124.35384
G1 X118.618 Y123.144 E124.36929
G1 X118.477 Y123.144 E124.36947
G1 X109.855 Y114.522 E124.38468
G1 X109.855 Y114.663 E124.38485
G1 X118.335 Y123.144 E124.39981
G1 X118.194 Y123.144 E124.39999
G1 X109.855 Y114.805 E124.4147
G1 X109.855 Y114.946 E124.41487
G1 X118.052 Y123.144 E124.42933
G1 X117.911 Y123.144 E124.42951
G1 X109.855 Y115.087 E124.44372
G1 X109.855 Y115.229 E124.4439
G1 X117.77 Y123.144 E124.45786
G1 X117.628 Y123.144 E124.45803
G1 X109.855 Y115.37 E124.47175
G1 X109.855 Y115.512 E124.47192
G1 X117.487 Y123.144 E124.48538
G1 X117.345 Y123.144 E124.48556
G1 X109.855 Y115.653 E124.49877
G1 X109.855 Y115.795 E124.49895
G1 X117.204 Y123.144 E124.51191
G1 X117.062 Y123.144 E124.51209
G1 X109.855 Y115.936 E124.5248
G1 X109.855 Y116.077 E124.52498
G1 X116.921 Y123.144 E124.53744
G1 X116.78 Y123.144 E124.53762
G1 X109.855 Y116.219 E124.54984
G1 X109.855 Y116.36 E124.55001
G1 X116.638 Y123.144 E124.56198
G1 X116.497 Y123.144 E124.56215
G1 X109.855 Y116.502 E124.57387
G1 X109.855 Y116.643 E124.57404
G1 X116.355 Y123.144 E124.58551
G1 X116.214 Y123.144 E124.58569
G1 X109.855 Y116.785 E124.5969
G1 X109.855 Y116.926 E124.59708
G1 X116.072 Y123.144 E124.60805
G1 X115.931 Y123.144 E124.60822
G1 X109.855 Y117.067 E124.61894
G1 X109.855 Y117.209 E124.61912
G1 X115.79 Y123.144 E124.62959
G1 X115.648 Y123.144 E124.62976
G1 X109.855 Y117.35 E124.63998
G1 X109.855 Y117.492 E124.64016
G1 X115.507 Y123.144 E124.65013
G1 X115.365 Y123.144 E124.65031
G1 X109.855 Y117.633 E124.66003
G1 X109.855 Y117.774 E124.6602
G1 X115.224 Y123.144 E124.66967
G1 X115.083 Y123.144 E124.66985
G1 X109.855 Y117.916 E124.67907
G1 X109.855 Y118.057 E124.67925
G1 X114.941 Y123.144 E124.68822
G1 X114.8 Y123.144 E124.68839
G1 X109.855 Y118.199 E124.69712
G1 X109.855 Y118.34 E124.69729
G1 X114.658 Y123.144 E124.70576
G1 X114.517 Y123.144 E124.70594
G1 X109.855 Y118.482 E124.71416
G1 X109.855 Y118.623 E124.71434
G1 X114.375 Y123.144 E124.72231
G1 X114.234 Y123.144 E124.72249
G1 X109.855 Y118.764 E124.73021
G1 X109.855 Y118.906 E124.73039
G1 X114.093 Y123.144 E124.73787
G1 X113.951 Y123.144 E124.73804
G1 X109.855 Y119.047 E124.74527
G1 X109.855 Y119.189 E124.74545
G1 X113.81 Y123.144 E124.75242
G1 X113.668 Y123.144 E124.7526
G1 X109.855 Y119.33 E124.75933
G1 X109.855 Y119.472 E124.7595
G1 X113.527 Y123.144 E124.76598
G1 X113.385 Y123.144 E124.76616
G1 X109.855 Y119.613 E124.77238
G1 X109.855 Y119.754 E124.77256
G1 X113.244 Y123.144 E124.77854
G1 X113.103 Y123.144 E124.77872
G1 X109.855 Y119.896 E124.78444
G1 X109.855 Y120.037 E124.78462
G1 X112.961 Y123.144 E124.7901
G1 X112.82 Y123.144 E124.79028
G1 X109.855 Y120.179 E124.79551
G1 X109.855 Y120.32 E124.79568
G1 X112.678 Y123.144 E124.80066
G1 X112.537 Y123.144 E124.80084
G1 X109.855 Y120.462 E124.80557
G1 X109.855 Y120.603 E124.80574
G1 X112.396 Y123.144 E124.81023
G1 X112.254 Y123.144 E124.8104
G1 X109.855 Y120.744 E124.81464
G1 X109.855 Y120.886 E124.81481
G1 X112.113 Y123.144 E124.8188
G1 X111.971 Y123.144 E124.81897
G1 X109.855 Y121.027 E124.82271
G1 X109.855 Y121.169 E124.82288
G1 X111.83 Y123.144 E124.82637
G1 X111.688 Y123.144 E124.82654
G1 X109.855 Y121.31 E124.82978
G1 X109.855 Y121.451 E124.82995
G1 X111.547 Y123.144 E124.83294
G1 X111.406 Y123.144 E124.83312
G1 X109.855 Y121.593 E124.83585
G1 X109.855 Y121.734 E124.83603
G1 X111.264 Y123.144 E124.83851
G1 X111.123 Y123.144 E124.83869
G1 X109.855 Y121.876 E124.84093
G1 X109.855 Y122.017 E124.8411
G1 X110.981 Y123.144 E124.84309
G1 X110.84 Y123.144 E124.84326
G1 X109.855 Y122.159 E124.845
G1 X109.855 Y122.3 E124.84518
G1 X110.698 Y123.144 E124.84667
G1 X110.557 Y123.144 E124.84684
G1 X109.855 Y122.441 E124.84808
G1 X109.855 Y122.583 E124.84826
G1 X110.416 Y123.144 E124.84925
G1 X110.274 Y123.144 E124.84942
G1 X109.855 Y122.724 E124.85016
;TIME_ELAPSED:437.676857
G1 F2700 E119.85016
M140 S0
M107
G91 ;Relative positioning
G1 E-2 F2700 ;Retract a bit
G1 E-2 Z0.2 F2400 ;Retract and raise Z
G1 X5 Y5 F3000 ;Wipe out
G1 Z10 ;Raise Z more
G90 ;Absolute positioning

G1 X0 Y235 ;Present print
M106 S0 ;Turn-off fan
M104 S0 ;Turn-off hotend
M140 S0 ;Turn-off bed

M84 X Y E ;Disable all steppers but Z
M82 ;absolute extrusion mode
M104 S0
;End of Gcode
;SETTING_3 {"global_quality": "[general]\\nversion = 4\\nname = PLA Production\\
;SETTING_3 ndefinition = creality_ender3\\n\\n[metadata]\\ntype = quality_change
;SETTING_3 s\\nquality_type = standard\\nsetting_version = 20\\n\\n[values]\\nad
;SETTING_3 hesion_type = brim\\nlayer_height = 0.1\\nlayer_height_0 = 0.1\\nprin
;SETTING_3 t_sequence = one_at_a_time\\nsupport_enable = True\\nsupport_type = b
;SETTING_3 uildplate\\n\\n", "extruder_quality": ["[general]\\nversion = 4\\nnam
;SETTING_3 e = PLA Production\\ndefinition = creality_ender3\\n\\n[metadata]\\nt
;SETTING_3 ype = quality_changes\\nquality_type = standard\\nintent_category = d
;SETTING_3 efault\\nposition = 0\\nsetting_version = 20\\n\\n[values]\\nbrim_lin
;SETTING_3 e_count = 30\\nbrim_width = 10\\ninfill_pattern = zigzag\\ninfill_spa
;SETTING_3 rse_density = 100\\nironing_enabled = True\\nironing_flow = 30\\niron
;SETTING_3 ing_only_highest_layer = True\\nroofing_layer_count = 2\\nroofing_pat
;SETTING_3 tern = zigzag\\nskin_material_flow = 102\\nskin_overlap = 20\\nspeed_
;SETTING_3 ironing = 60\\nspeed_topbottom = 20\\nspeed_travel = 120.0\\nsupport_
;SETTING_3 infill_rate = 50\\nsupport_interface_density = 20\\nsupport_interface
;SETTING_3 _height = 0.35\\nsupport_interface_pattern = zigzag\\nsupport_roof_en
;SETTING_3 able = False\\nsupport_wall_count = 0\\nsupport_xy_distance = 0.8\\ns
;SETTING_3 upport_z_distance = 0.3\\ntop_layers = 10\\ntop_thickness = 1\\nwall_
;SETTING_3 line_count = 3\\nz_seam_type = sharpest_corner\\n\\n"]}
