;FLAVOR:Marlin
;TIME:560
;Filament used: 0.16017m
;Layer height: 0.1
;MINX:99.7
;MINY:103.65
;MINZ:0.1
;MAXX:129.3
;MAXY:133.35
;MAXZ:3
;Generated with Cura_SteamEngine 5.2.2
M140 S50
M105
M190 S50
M104 S200
M105
M109 S200
M82 ;absolute extrusion mode
; Ender 3 Custom Start G-code
G92 E0 ; Reset Extruder
G28 ; Home all axes
G1 Z2.0 F3000 ; Move Z Axis up little to prevent scratching of Heat Bed
G1 X0.1 Y20 Z0.3 F5000.0 ; Move to start position
G1 X0.1 Y200.0 Z0.3 F1500.0 E15 ; Draw the first line
G1 X0.4 Y200.0 Z0.3 F5000.0 ; Move to side a little
G1 X0.4 Y20 Z0.3 F1500.0 E30 ; Draw the second line
G92 E0 ; Reset Extruder
G1 Z2.0 F3000 ; Move Z Axis up little to prevent scratching of Heat Bed
G1 X5 Y20 Z0.3 F5000.0 ; Move over to prevent blob squish
G92 E0
G92 E0
G1 F2700 E-5
;LAYER_COUNT:30
;LAYER:0
M107
G0 F6000 X103.07 Y106.52 Z0.1
;TYPE:SKIRT
G1 F2700 E0
G1 F1200 X103.724 Y105.923 E0.01473
G1 X104.429 Y105.388 E0.02944
G1 X105.179 Y104.918 E0.04416
G1 X105.969 Y104.518 E0.05889
G1 X106.791 Y104.19 E0.07361
G1 X107.64 Y103.939 E0.08833
G1 X108.508 Y103.764 E0.10306
G1 X109.388 Y103.669 E0.11777
G1 X110 Y103.65 E0.12796
G1 X119 Y103.65 E0.27763
G1 X119.884 Y103.69 E0.29234
G1 X120.761 Y103.81 E0.30706
G1 X121.624 Y104.008 E0.32179
G1 X122.465 Y104.283 E0.3365
G1 X123.278 Y104.633 E0.35122
G1 X124.057 Y105.055 E0.36596
G1 X124.793 Y105.546 E0.38067
G1 X125.483 Y106.101 E0.3954
G1 X125.93 Y106.52 E0.40559
G1 X126.43 Y107.02 E0.41734
G1 X127.027 Y107.674 E0.43207
G1 X127.562 Y108.379 E0.44679
G1 X128.032 Y109.129 E0.46151
G1 X128.432 Y109.919 E0.47623
G1 X128.76 Y110.741 E0.49095
G1 X129.011 Y111.59 E0.50567
G1 X129.186 Y112.458 E0.5204
G1 X129.281 Y113.338 E0.53512
G1 X129.3 Y113.95 E0.5453
G1 X129.3 Y123.05 E0.69664
G1 X129.26 Y123.934 E0.71135
G1 X129.14 Y124.811 E0.72607
G1 X128.942 Y125.674 E0.7408
G1 X128.667 Y126.515 E0.75551
G1 X128.317 Y127.328 E0.77023
G1 X127.895 Y128.107 E0.78496
G1 X127.404 Y128.843 E0.79968
G1 X126.849 Y129.533 E0.8144
G1 X126.43 Y129.98 E0.82459
G1 X125.93 Y130.48 E0.83635
G1 X125.276 Y131.077 E0.85108
G1 X124.571 Y131.612 E0.8658
G1 X123.821 Y132.082 E0.88052
G1 X123.031 Y132.482 E0.89524
G1 X122.209 Y132.81 E0.90996
G1 X121.36 Y133.061 E0.92468
G1 X120.492 Y133.236 E0.93941
G1 X119.612 Y133.331 E0.95413
G1 X119 Y133.35 E0.96431
G1 X110 Y133.35 E1.11398
G1 X109.116 Y133.31 E1.1287
G1 X108.239 Y133.19 E1.14342
G1 X107.376 Y132.992 E1.15814
G1 X106.535 Y132.717 E1.17286
G1 X105.722 Y132.367 E1.18758
G1 X104.943 Y131.945 E1.20231
G1 X104.207 Y131.454 E1.21702
G1 X103.517 Y130.899 E1.23175
G1 X103.07 Y130.48 E1.24194
G1 X102.57 Y129.98 E1.2537
G1 X101.973 Y129.326 E1.26842
G1 X101.438 Y128.621 E1.28314
G1 X100.968 Y127.871 E1.29786
G1 X100.568 Y127.081 E1.31259
G1 X100.24 Y126.259 E1.3273
G1 X99.989 Y125.41 E1.34203
G1 X99.814 Y124.542 E1.35675
G1 X99.719 Y123.662 E1.37147
G1 X99.7 Y123.05 E1.38165
G1 X99.7 Y113.95 E1.53299
G1 X99.74 Y113.066 E1.5477
G1 X99.86 Y112.189 E1.56242
G1 X100.058 Y111.326 E1.57715
G1 X100.333 Y110.485 E1.59186
G1 X100.683 Y109.672 E1.60658
G1 X101.105 Y108.893 E1.62132
G1 X101.596 Y108.157 E1.63603
G1 X102.151 Y107.467 E1.65076
G1 X102.57 Y107.02 E1.66095
G1 X103.07 Y106.52 E1.6727
G0 F6000 X103.353 Y106.803
G1 F1200 X103.994 Y106.219 E1.68713
G1 X104.686 Y105.696 E1.70155
G1 X105.423 Y105.24 E1.71596
G1 X106.198 Y104.853 E1.73037
G1 X107.007 Y104.539 E1.7448
G1 X107.84 Y104.301 E1.75921
G1 X108.692 Y104.141 E1.77362
G1 X109.555 Y104.061 E1.78804
G1 X110 Y104.05 E1.79544
G1 X119 Y104.05 E1.94511
G1 X119.866 Y104.09 E1.95953
G1 X120.725 Y104.21 E1.97395
G1 X121.569 Y104.408 E1.98837
G1 X122.391 Y104.683 E2.00278
G1 X123.184 Y105.033 E2.0172
G1 X123.942 Y105.454 E2.03162
G1 X124.657 Y105.943 E2.04602
G1 X125.325 Y106.496 E2.06044
G1 X125.647 Y106.803 E2.06784
G1 X126.147 Y107.303 E2.0796
G1 X126.731 Y107.944 E2.09402
G1 X127.254 Y108.636 E2.10845
G1 X127.71 Y109.373 E2.12286
G1 X128.097 Y110.148 E2.13727
G1 X128.411 Y110.957 E2.1517
G1 X128.649 Y111.79 E2.16611
G1 X128.809 Y112.642 E2.18052
G1 X128.889 Y113.505 E2.19494
G1 X128.9 Y113.95 E2.20234
G1 X128.9 Y123.05 E2.35367
G1 X128.86 Y123.916 E2.36809
G1 X128.74 Y124.775 E2.38251
G1 X128.542 Y125.619 E2.39693
G1 X128.267 Y126.441 E2.41134
G1 X127.917 Y127.234 E2.42576
G1 X127.496 Y127.992 E2.44018
G1 X127.007 Y128.707 E2.45458
G1 X126.454 Y129.375 E2.46901
G1 X126.147 Y129.697 E2.4764
G1 X125.647 Y130.197 E2.48816
G1 X125.006 Y130.781 E2.50258
G1 X124.314 Y131.304 E2.51701
G1 X123.577 Y131.76 E2.53142
G1 X122.802 Y132.147 E2.54583
G1 X121.993 Y132.461 E2.56026
G1 X121.16 Y132.699 E2.57467
G1 X120.308 Y132.859 E2.58908
G1 X119.445 Y132.939 E2.6035
G1 X119 Y132.95 E2.6109
G1 X110 Y132.95 E2.76057
G1 X109.134 Y132.91 E2.77499
G1 X108.275 Y132.79 E2.78941
G1 X107.431 Y132.592 E2.80383
G1 X106.609 Y132.317 E2.81824
G1 X105.816 Y131.967 E2.83266
G1 X105.058 Y131.546 E2.84708
G1 X104.343 Y131.057 E2.86148
G1 X103.675 Y130.504 E2.8759
G1 X103.353 Y130.197 E2.8833
G1 X102.853 Y129.697 E2.89506
G1 X102.269 Y129.056 E2.90948
G1 X101.746 Y128.364 E2.92391
G1 X101.29 Y127.627 E2.93832
G1 X100.903 Y126.852 E2.95272
G1 X100.589 Y126.043 E2.96716
G1 X100.351 Y125.21 E2.98156
G1 X100.191 Y124.358 E2.99598
G1 X100.111 Y123.495 E3.01039
G1 X100.1 Y123.05 E3.0178
G1 X100.1 Y113.95 E3.16913
G1 X100.14 Y113.084 E3.18355
G1 X100.26 Y112.225 E3.19797
G1 X100.458 Y111.381 E3.21239
G1 X100.733 Y110.559 E3.2268
G1 X101.083 Y109.766 E3.24122
G1 X101.504 Y109.008 E3.25564
G1 X101.993 Y108.293 E3.27004
G1 X102.546 Y107.625 E3.28446
G1 X102.853 Y107.303 E3.29186
G1 X103.353 Y106.803 E3.30362
G0 F6000 X103.636 Y107.086
G1 F1200 X104.263 Y106.515 E3.31772
G1 X104.942 Y106.006 E3.33184
G1 X105.665 Y105.563 E3.34594
G1 X106.427 Y105.19 E3.36005
G1 X107.221 Y104.89 E3.37416
G1 X108.039 Y104.666 E3.38827
G1 X108.875 Y104.521 E3.40238
G1 X110 Y104.45 E3.42112
G1 X119 Y104.45 E3.57079
G1 X119.847 Y104.49 E3.58489
G1 X120.687 Y104.61 E3.59901
G1 X121.512 Y104.808 E3.61311
G1 X122.315 Y105.083 E3.62723
G1 X123.088 Y105.432 E3.64133
G1 X123.824 Y105.852 E3.65543
G1 X124.518 Y106.34 E3.66954
G1 X125.364 Y107.086 E3.68829
G1 X125.864 Y107.586 E3.70005
G1 X126.435 Y108.213 E3.71416
G1 X126.944 Y108.892 E3.72827
G1 X127.387 Y109.615 E3.74237
G1 X127.76 Y110.377 E3.75648
G1 X128.06 Y111.171 E3.77059
G1 X128.284 Y111.989 E3.7847
G1 X128.429 Y112.825 E3.79881
G1 X128.5 Y113.95 E3.81755
G1 X128.5 Y123.05 E3.96889
G1 X128.46 Y123.897 E3.98299
G1 X128.34 Y124.737 E3.9971
G1 X128.142 Y125.562 E4.01121
G1 X127.867 Y126.365 E4.02532
G1 X127.518 Y127.138 E4.03943
G1 X127.098 Y127.874 E4.05352
G1 X126.61 Y128.568 E4.06763
G1 X125.864 Y129.414 E4.08639
G1 X125.364 Y129.914 E4.09815
G1 X124.737 Y130.485 E4.11225
G1 X124.058 Y130.994 E4.12636
G1 X123.335 Y131.437 E4.14046
G1 X122.573 Y131.81 E4.15457
G1 X121.779 Y132.11 E4.16869
G1 X120.961 Y132.334 E4.18279
G1 X120.125 Y132.479 E4.1969
G1 X119 Y132.55 E4.21565
G1 X110 Y132.55 E4.36532
G1 X109.153 Y132.51 E4.37942
G1 X108.313 Y132.39 E4.39353
G1 X107.488 Y132.192 E4.40764
G1 X106.685 Y131.917 E4.42176
G1 X105.912 Y131.568 E4.43586
G1 X105.176 Y131.148 E4.44995
G1 X104.482 Y130.66 E4.46406
G1 X103.636 Y129.914 E4.48282
G1 X103.136 Y129.414 E4.49458
G1 X102.565 Y128.787 E4.50868
G1 X102.056 Y128.108 E4.52279
G1 X101.613 Y127.385 E4.5369
G1 X101.24 Y126.623 E4.551
G1 X100.94 Y125.829 E4.56512
G1 X100.716 Y125.011 E4.57922
G1 X100.571 Y124.175 E4.59333
G1 X100.5 Y123.05 E4.61208
G1 X100.5 Y113.95 E4.76341
G1 X100.54 Y113.103 E4.77751
G1 X100.66 Y112.263 E4.79163
G1 X100.858 Y111.438 E4.80574
G1 X101.133 Y110.635 E4.81985
G1 X101.482 Y109.862 E4.83396
G1 X101.902 Y109.126 E4.84805
G1 X102.39 Y108.432 E4.86216
G1 X103.136 Y107.586 E4.88091
G1 X103.636 Y107.086 E4.89267
G0 F6000 X103.919 Y107.369
G1 F1200 X104.533 Y106.811 E4.90647
G1 X105.198 Y106.316 E4.92026
G1 X105.907 Y105.886 E4.93405
G1 X106.654 Y105.527 E4.94783
G1 X107.433 Y105.242 E4.96162
G1 X108.235 Y105.033 E4.97541
G1 X109.054 Y104.902 E4.9892
G1 X110 Y104.85 E5.00496
G1 X119 Y104.85 E5.15463
G1 X119.828 Y104.89 E5.16841
G1 X120.649 Y105.01 E5.18221
G1 X121.454 Y105.208 E5.196
G1 X122.236 Y105.482 E5.20978
G1 X122.989 Y105.831 E5.22358
G1 X123.704 Y106.251 E5.23737
G1 X124.375 Y106.737 E5.25115
G1 X125.081 Y107.369 E5.26691
G1 X125.581 Y107.869 E5.27866
G1 X126.139 Y108.483 E5.29246
G1 X126.634 Y109.148 E5.30625
G1 X127.064 Y109.857 E5.32004
G1 X127.423 Y110.604 E5.33382
G1 X127.708 Y111.383 E5.34762
G1 X127.917 Y112.185 E5.3614
G1 X128.048 Y113.004 E5.37519
G1 X128.1 Y113.95 E5.39095
G1 X128.1 Y123.05 E5.54228
G1 X128.06 Y123.878 E5.55607
G1 X127.94 Y124.699 E5.56987
G1 X127.742 Y125.504 E5.58365
G1 X127.468 Y126.286 E5.59743
G1 X127.119 Y127.039 E5.61123
G1 X126.699 Y127.754 E5.62502
G1 X126.213 Y128.425 E5.6388
G1 X125.581 Y129.131 E5.65456
G1 X125.081 Y129.631 E5.66632
G1 X124.467 Y130.189 E5.68012
G1 X123.802 Y130.684 E5.6939
G1 X123.093 Y131.114 E5.70769
G1 X122.346 Y131.473 E5.72148
G1 X121.567 Y131.758 E5.73527
G1 X120.765 Y131.967 E5.74905
G1 X119.946 Y132.098 E5.76285
G1 X119 Y132.15 E5.7786
G1 X110 Y132.15 E5.92827
G1 X109.172 Y132.11 E5.94206
G1 X108.351 Y131.99 E5.95586
G1 X107.546 Y131.792 E5.96964
G1 X106.764 Y131.518 E5.98342
G1 X106.011 Y131.169 E5.99722
G1 X105.296 Y130.749 E6.01101
G1 X104.625 Y130.263 E6.02479
G1 X103.919 Y129.631 E6.04055
G1 X103.419 Y129.131 E6.05231
G1 X102.861 Y128.517 E6.06611
G1 X102.366 Y127.852 E6.07989
G1 X101.936 Y127.143 E6.09368
G1 X101.577 Y126.396 E6.10747
G1 X101.292 Y125.617 E6.12126
G1 X101.083 Y124.815 E6.13504
G1 X100.952 Y123.996 E6.14884
G1 X100.9 Y123.05 E6.16459
G1 X100.9 Y113.95 E6.31593
G1 X100.94 Y113.122 E6.32971
G1 X101.06 Y112.301 E6.34351
G1 X101.258 Y111.496 E6.3573
G1 X101.532 Y110.714 E6.37108
G1 X101.881 Y109.961 E6.38488
G1 X102.301 Y109.246 E6.39867
G1 X102.787 Y108.575 E6.41245
G1 X103.419 Y107.869 E6.42821
G1 X103.919 Y107.369 E6.43996
G0 F6000 X104.202 Y107.652
G1 F1200 X104.802 Y107.108 E6.45343
G1 X105.453 Y106.626 E6.4669
G1 X106.148 Y106.211 E6.48037
G1 X106.88 Y105.867 E6.49382
G1 X107.644 Y105.596 E6.5073
G1 X108.43 Y105.402 E6.52076
G1 X109.231 Y105.286 E6.53422
G1 X110 Y105.25 E6.54702
G1 X119 Y105.25 E6.69669
G1 X119.809 Y105.29 E6.71016
G1 X120.61 Y105.41 E6.72363
G1 X121.395 Y105.607 E6.73709
G1 X122.156 Y105.882 E6.75055
G1 X122.887 Y106.23 E6.76401
G1 X123.581 Y106.649 E6.77749
G1 X124.229 Y107.134 E6.79095
G1 X124.798 Y107.652 E6.80375
G1 X125.298 Y108.152 E6.81551
G1 X125.842 Y108.752 E6.82898
G1 X126.324 Y109.403 E6.84245
G1 X126.739 Y110.098 E6.85591
G1 X127.083 Y110.83 E6.86936
G1 X127.354 Y111.594 E6.88284
G1 X127.548 Y112.38 E6.89631
G1 X127.664 Y113.181 E6.90977
G1 X127.7 Y113.95 E6.92257
G1 X127.7 Y123.05 E7.0739
G1 X127.66 Y123.859 E7.08737
G1 X127.54 Y124.66 E7.10084
G1 X127.343 Y125.445 E7.1143
G1 X127.068 Y126.206 E7.12776
G1 X126.72 Y126.937 E7.14122
G1 X126.301 Y127.631 E7.1547
G1 X125.816 Y128.279 E7.16816
G1 X125.298 Y128.848 E7.18096
G1 X124.798 Y129.348 E7.19272
G1 X124.198 Y129.892 E7.20619
G1 X123.547 Y130.374 E7.21966
G1 X122.852 Y130.789 E7.23312
G1 X122.12 Y131.133 E7.24657
G1 X121.356 Y131.404 E7.26005
G1 X120.57 Y131.598 E7.27351
G1 X119.769 Y131.714 E7.28697
G1 X119 Y131.75 E7.29978
G1 X110 Y131.75 E7.44945
G1 X109.191 Y131.71 E7.46292
G1 X108.39 Y131.59 E7.47639
G1 X107.605 Y131.393 E7.48985
G1 X106.844 Y131.118 E7.5033
G1 X106.113 Y130.77 E7.51677
G1 X105.419 Y130.351 E7.53025
G1 X104.771 Y129.866 E7.54371
G1 X104.202 Y129.348 E7.5565
G1 X103.702 Y128.848 E7.56826
G1 X103.158 Y128.248 E7.58173
G1 X102.676 Y127.597 E7.5952
G1 X102.261 Y126.902 E7.60866
G1 X101.917 Y126.17 E7.62211
G1 X101.646 Y125.406 E7.6356
G1 X101.452 Y124.62 E7.64906
G1 X101.336 Y123.819 E7.66252
G1 X101.3 Y123.05 E7.67532
G1 X101.3 Y113.95 E7.82666
G1 X101.34 Y113.141 E7.84013
G1 X101.46 Y112.34 E7.85359
G1 X101.657 Y111.555 E7.86705
G1 X101.932 Y110.794 E7.88051
G1 X102.28 Y110.063 E7.89397
G1 X102.699 Y109.369 E7.90746
G1 X103.184 Y108.721 E7.92092
G1 X103.702 Y108.152 E7.93371
G1 X104.202 Y107.652 E7.94547
G0 F6000 X104.485 Y107.935
G1 F1200 X105.071 Y107.405 E7.95861
G1 X105.707 Y106.938 E7.97173
G1 X106.387 Y106.537 E7.98486
G1 X107.105 Y106.207 E7.998
G1 X107.852 Y105.952 E8.01113
G1 X108.621 Y105.773 E8.02426
G1 X109.405 Y105.673 E8.0374
G1 X110 Y105.65 E8.04731
G1 X119 Y105.65 E8.19698
G1 X119.789 Y105.69 E8.21011
G1 X120.569 Y105.809 E8.22324
G1 X121.334 Y106.007 E8.23638
G1 X122.074 Y106.281 E8.2495
G1 X122.783 Y106.629 E8.26263
G1 X123.454 Y107.047 E8.27578
G1 X124.078 Y107.53 E8.2889
G1 X124.515 Y107.935 E8.29881
G1 X125.015 Y108.435 E8.31057
G1 X125.545 Y109.021 E8.32371
G1 X126.012 Y109.657 E8.33683
G1 X126.413 Y110.337 E8.34996
G1 X126.743 Y111.055 E8.3631
G1 X126.998 Y111.802 E8.37623
G1 X127.177 Y112.571 E8.38936
G1 X127.277 Y113.355 E8.4025
G1 X127.3 Y113.95 E8.41241
G1 X127.3 Y123.05 E8.56374
G1 X127.26 Y123.839 E8.57688
G1 X127.141 Y124.619 E8.59
G1 X126.943 Y125.384 E8.60314
G1 X126.669 Y126.124 E8.61626
G1 X126.321 Y126.833 E8.6294
G1 X125.903 Y127.504 E8.64254
G1 X125.42 Y128.128 E8.65567
G1 X125.015 Y128.565 E8.66557
G1 X124.515 Y129.065 E8.67733
G1 X123.929 Y129.595 E8.69047
G1 X123.293 Y130.062 E8.7036
G1 X122.613 Y130.463 E8.71672
G1 X121.895 Y130.793 E8.72987
G1 X121.148 Y131.048 E8.74299
G1 X120.379 Y131.227 E8.75612
G1 X119.595 Y131.327 E8.76927
G1 X119 Y131.35 E8.77917
G1 X110 Y131.35 E8.92884
G1 X109.211 Y131.31 E8.94198
G1 X108.431 Y131.191 E8.9551
G1 X107.666 Y130.993 E8.96824
G1 X106.926 Y130.719 E8.98136
G1 X106.217 Y130.371 E8.9945
G1 X105.546 Y129.953 E9.00764
G1 X104.922 Y129.47 E9.02077
G1 X104.485 Y129.065 E9.03067
G1 X103.985 Y128.565 E9.04243
G1 X103.455 Y127.979 E9.05557
G1 X102.988 Y127.343 E9.0687
G1 X102.587 Y126.663 E9.08182
G1 X102.257 Y125.945 E9.09496
G1 X102.002 Y125.198 E9.10809
G1 X101.823 Y124.429 E9.12122
G1 X101.723 Y123.645 E9.13437
G1 X101.7 Y123.05 E9.14427
G1 X101.7 Y113.95 E9.2956
G1 X101.74 Y113.161 E9.30874
G1 X101.859 Y112.381 E9.32186
G1 X102.057 Y111.616 E9.335
G1 X102.331 Y110.876 E9.34812
G1 X102.679 Y110.167 E9.36126
G1 X103.097 Y109.496 E9.37441
G1 X103.58 Y108.872 E9.38753
G1 X103.985 Y108.435 E9.39744
G1 X104.485 Y107.935 E9.4092
G0 F6000 X104.767 Y108.217
G1 F1200 X105.339 Y107.703 E9.42198
G1 X105.961 Y107.25 E9.43478
G1 X106.626 Y106.864 E9.44757
G1 X107.328 Y106.549 E9.46036
G1 X108.059 Y106.309 E9.47316
G1 X108.81 Y106.146 E9.48594
G1 X109.575 Y106.062 E9.49874
G1 X110 Y106.05 E9.50581
G1 X119 Y106.05 E9.65548
G1 X119.768 Y106.09 E9.66827
G1 X120.528 Y106.209 E9.68106
G1 X121.271 Y106.407 E9.69385
G1 X121.99 Y106.681 E9.70664
G1 X122.676 Y107.028 E9.71943
G1 X123.323 Y107.444 E9.73222
G1 X123.923 Y107.925 E9.74501
G1 X124.233 Y108.217 E9.75209
G1 X124.733 Y108.717 E9.76385
G1 X125.247 Y109.289 E9.77664
G1 X125.7 Y109.911 E9.78944
G1 X126.086 Y110.576 E9.80222
G1 X126.401 Y111.278 E9.81502
G1 X126.641 Y112.009 E9.82781
G1 X126.804 Y112.76 E9.84059
G1 X126.888 Y113.525 E9.85339
G1 X126.9 Y113.95 E9.86046
G1 X126.9 Y123.05 E10.0118
G1 X126.86 Y123.818 E10.02459
G1 X126.741 Y124.578 E10.03738
G1 X126.543 Y125.321 E10.05017
G1 X126.269 Y126.04 E10.06296
G1 X125.922 Y126.726 E10.07575
G1 X125.506 Y127.373 E10.08854
G1 X125.025 Y127.973 E10.10133
G1 X124.733 Y128.283 E10.10841
G1 X124.233 Y128.783 E10.12017
G1 X123.661 Y129.297 E10.13296
G1 X123.039 Y129.75 E10.14575
G1 X122.374 Y130.136 E10.15854
G1 X121.672 Y130.451 E10.17134
G1 X120.941 Y130.691 E10.18413
G1 X120.19 Y130.854 E10.19691
G1 X119.425 Y130.938 E10.20971
G1 X119 Y130.95 E10.21678
G1 X110 Y130.95 E10.36645
G1 X109.232 Y130.91 E10.37924
G1 X108.472 Y130.791 E10.39203
G1 X107.729 Y130.593 E10.40482
G1 X107.01 Y130.319 E10.41762
G1 X106.324 Y129.972 E10.4304
G1 X105.677 Y129.556 E10.44319
G1 X105.077 Y129.075 E10.45598
G1 X104.767 Y128.783 E10.46306
G1 X104.267 Y128.283 E10.47482
G1 X103.753 Y127.711 E10.48761
G1 X103.3 Y127.089 E10.50041
G1 X102.914 Y126.424 E10.51319
G1 X102.599 Y125.722 E10.52599
G1 X102.359 Y124.991 E10.53878
G1 X102.196 Y124.24 E10.55156
G1 X102.112 Y123.475 E10.56436
G1 X102.1 Y123.05 E10.57143
G1 X102.1 Y113.95 E10.72277
G1 X102.14 Y113.182 E10.73556
G1 X102.259 Y112.422 E10.74835
G1 X102.457 Y111.679 E10.76114
G1 X102.731 Y110.96 E10.77393
G1 X103.078 Y110.274 E10.78672
G1 X103.494 Y109.627 E10.79951
G1 X103.975 Y109.027 E10.8123
G1 X104.267 Y108.717 E10.81938
G1 X104.767 Y108.217 E10.83114
G0 F6000 X105.05 Y108.5
G1 F1200 X105.607 Y108 E10.84359
G1 X106.213 Y107.563 E10.85601
G1 X106.863 Y107.192 E10.86846
G1 X107.549 Y106.893 E10.8809
G1 X108.263 Y106.669 E10.89335
G1 X108.996 Y106.522 E10.90578
G1 X110 Y106.45 E10.92252
G1 X119 Y106.45 E11.07219
G1 X119.747 Y106.49 E11.08463
G1 X120.485 Y106.609 E11.09706
G1 X121.207 Y106.807 E11.10951
G1 X121.903 Y107.08 E11.12195
G1 X122.566 Y107.427 E11.13439
G1 X123.189 Y107.842 E11.14684
G1 X123.95 Y108.5 E11.16357
G1 X124.45 Y109 E11.17533
G1 X124.95 Y109.557 E11.18778
G1 X125.387 Y110.163 E11.2002
G1 X125.758 Y110.813 E11.21265
G1 X126.057 Y111.499 E11.22509
G1 X126.281 Y112.213 E11.23754
G1 X126.428 Y112.946 E11.24997
G1 X126.5 Y113.95 E11.26671
G1 X126.5 Y123.05 E11.41804
G1 X126.46 Y123.797 E11.43048
G1 X126.341 Y124.535 E11.44291
G1 X126.143 Y125.257 E11.45536
G1 X125.87 Y125.953 E11.4678
G1 X125.523 Y126.616 E11.48024
G1 X125.108 Y127.239 E11.49269
G1 X124.45 Y128 E11.50942
G1 X123.95 Y128.5 E11.52118
G1 X123.393 Y129 E11.53363
G1 X122.787 Y129.437 E11.54605
G1 X122.137 Y129.808 E11.5585
G1 X121.451 Y130.107 E11.57094
G1 X120.737 Y130.331 E11.58339
G1 X120.004 Y130.478 E11.59582
G1 X119 Y130.55 E11.61256
G1 X110 Y130.55 E11.76223
G1 X109.253 Y130.51 E11.77467
G1 X108.515 Y130.391 E11.7871
G1 X107.793 Y130.193 E11.79955
G1 X107.097 Y129.92 E11.81199
G1 X106.434 Y129.573 E11.82443
G1 X105.811 Y129.158 E11.83688
G1 X105.05 Y128.5 E11.85361
G1 X104.55 Y128 E11.86537
G1 X104.05 Y127.443 E11.87782
G1 X103.613 Y126.837 E11.89024
G1 X103.242 Y126.187 E11.90269
G1 X102.943 Y125.501 E11.91513
G1 X102.719 Y124.787 E11.92758
G1 X102.572 Y124.054 E11.94001
G1 X102.5 Y123.05 E11.95675
G1 X102.5 Y113.95 E12.10808
G1 X102.54 Y113.203 E12.12052
G1 X102.659 Y112.465 E12.13295
G1 X102.857 Y111.743 E12.1454
G1 X103.13 Y111.047 E12.15784
G1 X103.477 Y110.384 E12.17028
G1 X103.892 Y109.761 E12.18273
G1 X104.55 Y109 E12.19946
G1 X105.05 Y108.5 E12.21122
G0 F6000 X105.333 Y108.783
G1 F1200 X105.874 Y108.299 E12.22329
G1 X106.465 Y107.876 E12.23538
G1 X107.099 Y107.522 E12.24745
G1 X107.768 Y107.239 E12.25953
G1 X108.464 Y107.031 E12.27161
G1 X109.179 Y106.901 E12.2837
G1 X110 Y106.85 E12.29738
G1 X119 Y106.85 E12.44705
G1 X119.725 Y106.89 E12.45913
G1 X120.442 Y107.009 E12.47121
G1 X121.141 Y107.207 E12.48329
G1 X121.814 Y107.48 E12.49537
G1 X122.453 Y107.825 E12.50745
G1 X123.05 Y108.239 E12.51953
G1 X123.667 Y108.783 E12.53321
G1 X124.167 Y109.283 E12.54497
G1 X124.651 Y109.824 E12.55704
G1 X125.074 Y110.415 E12.56913
G1 X125.428 Y111.049 E12.5812
G1 X125.711 Y111.718 E12.59328
G1 X125.919 Y112.414 E12.60536
G1 X126.049 Y113.129 E12.61745
G1 X126.1 Y113.95 E12.63113
G1 X126.1 Y123.05 E12.78246
G1 X126.06 Y123.775 E12.79454
G1 X125.941 Y124.492 E12.80662
G1 X125.743 Y125.191 E12.81871
G1 X125.47 Y125.864 E12.83078
G1 X125.125 Y126.503 E12.84286
G1 X124.711 Y127.1 E12.85494
G1 X124.167 Y127.717 E12.86862
G1 X123.667 Y128.217 E12.88038
G1 X123.126 Y128.701 E12.89245
G1 X122.535 Y129.124 E12.90454
G1 X121.901 Y129.478 E12.91661
G1 X121.232 Y129.761 E12.92869
G1 X120.536 Y129.969 E12.94077
G1 X119.821 Y130.099 E12.95286
G1 X119 Y130.15 E12.96654
G1 X110 Y130.15 E13.11621
G1 X109.275 Y130.11 E13.12828
G1 X108.558 Y129.991 E13.14037
G1 X107.859 Y129.793 E13.15245
G1 X107.186 Y129.52 E13.16453
G1 X106.547 Y129.175 E13.17661
G1 X105.95 Y128.761 E13.18869
G1 X105.333 Y128.217 E13.20237
G1 X104.833 Y127.717 E13.21413
G1 X104.349 Y127.176 E13.2262
G1 X103.926 Y126.585 E13.23829
G1 X103.572 Y125.951 E13.25036
G1 X103.289 Y125.282 E13.26244
G1 X103.081 Y124.586 E13.27452
G1 X102.951 Y123.871 E13.28661
G1 X102.9 Y123.05 E13.30029
G1 X102.9 Y113.95 E13.45162
G1 X102.94 Y113.225 E13.4637
G1 X103.059 Y112.508 E13.47578
G1 X103.257 Y111.809 E13.48787
G1 X103.53 Y111.136 E13.49994
G1 X103.875 Y110.497 E13.51202
G1 X104.289 Y109.9 E13.5241
G1 X104.833 Y109.283 E13.53778
G1 X105.333 Y108.783 E13.54954
G0 F6000 X105.616 Y109.066
G1 F1200 X106.141 Y108.597 E13.56125
G1 X106.716 Y108.191 E13.57295
G1 X107.334 Y107.853 E13.58467
G1 X107.985 Y107.586 E13.59637
G1 X108.663 Y107.396 E13.60808
G1 X109.358 Y107.283 E13.61979
G1 X110 Y107.25 E13.63048
G1 X119 Y107.25 E13.78015
G1 X119.703 Y107.29 E13.79186
G1 X120.397 Y107.409 E13.80357
G1 X121.072 Y107.607 E13.81527
G1 X121.721 Y107.879 E13.82697
G1 X122.335 Y108.224 E13.83868
G1 X122.906 Y108.635 E13.85038
G1 X123.384 Y109.066 E13.86108
G1 X123.884 Y109.566 E13.87284
G1 X124.353 Y110.091 E13.88455
G1 X124.759 Y110.666 E13.89626
G1 X125.097 Y111.284 E13.90797
G1 X125.364 Y111.935 E13.91967
G1 X125.554 Y112.613 E13.93138
G1 X125.667 Y113.308 E13.94309
G1 X125.7 Y113.95 E13.95378
G1 X125.7 Y123.05 E14.10512
G1 X125.66 Y123.753 E14.11683
G1 X125.541 Y124.447 E14.12854
G1 X125.343 Y125.122 E14.14023
G1 X125.071 Y125.771 E14.15194
G1 X124.726 Y126.385 E14.16365
G1 X124.315 Y126.956 E14.17535
G1 X123.884 Y127.434 E14.18605
G1 X123.384 Y127.934 E14.19781
G1 X122.859 Y128.403 E14.20952
G1 X122.284 Y128.809 E14.22122
G1 X121.666 Y129.147 E14.23294
G1 X121.015 Y129.414 E14.24464
G1 X120.337 Y129.604 E14.25635
G1 X119.642 Y129.717 E14.26806
G1 X119 Y129.75 E14.27875
G1 X110 Y129.75 E14.42842
G1 X109.297 Y129.71 E14.44013
G1 X108.603 Y129.591 E14.45184
G1 X107.928 Y129.393 E14.46354
G1 X107.279 Y129.121 E14.47524
G1 X106.665 Y128.776 E14.48695
G1 X106.094 Y128.365 E14.49865
G1 X105.616 Y127.934 E14.50936
G1 X105.116 Y127.434 E14.52111
G1 X104.647 Y126.909 E14.53282
G1 X104.241 Y126.334 E14.54453
G1 X103.903 Y125.716 E14.55624
G1 X103.636 Y125.065 E14.56794
G1 X103.446 Y124.387 E14.57965
G1 X103.333 Y123.692 E14.59136
G1 X103.3 Y123.05 E14.60205
G1 X103.3 Y113.95 E14.75339
G1 X103.34 Y113.247 E14.7651
G1 X103.459 Y112.553 E14.77681
G1 X103.657 Y111.878 E14.7885
G1 X103.929 Y111.229 E14.80021
G1 X104.274 Y110.615 E14.81192
G1 X104.685 Y110.044 E14.82362
G1 X105.116 Y109.566 E14.83432
G1 X105.616 Y109.066 E14.84608
G0 F6000 X105.899 Y109.349
G1 F1200 X106.408 Y108.896 E14.85741
G1 X106.966 Y108.507 E14.86873
G1 X107.566 Y108.185 E14.88005
G1 X108.2 Y107.936 E14.89138
G1 X108.859 Y107.763 E14.90271
G1 X109.533 Y107.669 E14.91402
G1 X110 Y107.65 E14.9218
G1 X119 Y107.65 E15.07147
G1 X119.68 Y107.69 E15.0828
G1 X120.35 Y107.809 E15.09411
G1 X121.002 Y108.006 E15.10544
G1 X121.626 Y108.278 E15.11676
G1 X122.214 Y108.622 E15.12809
G1 X122.758 Y109.032 E15.13942
G1 X123.101 Y109.349 E15.14718
G1 X123.601 Y109.849 E15.15894
G1 X124.054 Y110.358 E15.17027
G1 X124.443 Y110.916 E15.18159
G1 X124.765 Y111.516 E15.19291
G1 X125.014 Y112.15 E15.20424
G1 X125.187 Y112.809 E15.21557
G1 X125.281 Y113.483 E15.22689
G1 X125.3 Y113.95 E15.23466
G1 X125.3 Y123.05 E15.38599
G1 X125.26 Y123.73 E15.39732
G1 X125.141 Y124.4 E15.40864
G1 X124.944 Y125.052 E15.41996
G1 X124.672 Y125.676 E15.43128
G1 X124.328 Y126.264 E15.44261
G1 X123.918 Y126.808 E15.45394
G1 X123.601 Y127.151 E15.46171
G1 X123.101 Y127.651 E15.47347
G1 X122.592 Y128.104 E15.4848
G1 X122.034 Y128.493 E15.49611
G1 X121.434 Y128.815 E15.50744
G1 X120.8 Y129.064 E15.51876
G1 X120.141 Y129.237 E15.53009
G1 X119.467 Y129.331 E15.54141
G1 X119 Y129.35 E15.54918
G1 X110 Y129.35 E15.69885
G1 X109.32 Y129.31 E15.71018
G1 X108.65 Y129.191 E15.7215
G1 X107.998 Y128.994 E15.73283
G1 X107.374 Y128.722 E15.74415
G1 X106.786 Y128.378 E15.75547
G1 X106.242 Y127.968 E15.7668
G1 X105.899 Y127.651 E15.77457
G1 X105.399 Y127.151 E15.78633
G1 X104.946 Y126.642 E15.79766
G1 X104.557 Y126.084 E15.80897
G1 X104.235 Y125.484 E15.8203
G1 X103.986 Y124.85 E15.83162
G1 X103.813 Y124.191 E15.84295
G1 X103.719 Y123.517 E15.85427
G1 X103.7 Y123.05 E15.86204
G1 X103.7 Y113.95 E16.01338
G1 X103.74 Y113.27 E16.02471
G1 X103.859 Y112.6 E16.03602
G1 X104.056 Y111.948 E16.04735
G1 X104.328 Y111.324 E16.05867
G1 X104.672 Y110.736 E16.07
G1 X105.082 Y110.192 E16.08133
G1 X105.399 Y109.849 E16.08909
G1 X105.899 Y109.349 E16.10085
G0 F6000 X106.182 Y109.632
G1 F1200 X106.674 Y109.196 E16.11179
G1 X107.215 Y108.824 E16.1227
G1 X107.797 Y108.52 E16.13362
G1 X108.412 Y108.289 E16.14455
G1 X109.051 Y108.134 E16.15548
G1 X110 Y108.05 E16.17133
G1 X119 Y108.05 E16.321
G1 X119.656 Y108.09 E16.33193
G1 X120.302 Y108.209 E16.34285
G1 X120.929 Y108.406 E16.35378
G1 X121.527 Y108.678 E16.36471
G1 X122.088 Y109.02 E16.37563
G1 X122.818 Y109.632 E16.39147
G1 X123.318 Y110.132 E16.40323
G1 X123.754 Y110.624 E16.41417
G1 X124.126 Y111.165 E16.42508
G1 X124.43 Y111.747 E16.436
G1 X124.661 Y112.362 E16.44693
G1 X124.816 Y113.001 E16.45786
G1 X124.9 Y113.95 E16.47371
G1 X124.9 Y123.05 E16.62504
G1 X124.86 Y123.706 E16.63597
G1 X124.741 Y124.352 E16.64689
G1 X124.544 Y124.979 E16.65782
G1 X124.272 Y125.577 E16.66875
G1 X123.93 Y126.138 E16.67968
G1 X123.318 Y126.868 E16.69552
G1 X122.818 Y127.368 E16.70728
G1 X122.326 Y127.804 E16.71821
G1 X121.785 Y128.176 E16.72913
G1 X121.203 Y128.48 E16.74005
G1 X120.588 Y128.711 E16.75097
G1 X119.949 Y128.866 E16.76191
G1 X119 Y128.95 E16.77775
G1 X110 Y128.95 E16.92742
G1 X109.344 Y128.91 E16.93835
G1 X108.698 Y128.791 E16.94927
G1 X108.071 Y128.594 E16.9602
G1 X107.473 Y128.322 E16.97113
G1 X106.912 Y127.98 E16.98206
G1 X106.182 Y127.368 E16.9979
G1 X105.682 Y126.868 E17.00966
G1 X105.246 Y126.376 E17.02059
G1 X104.874 Y125.835 E17.03151
G1 X104.57 Y125.253 E17.04243
G1 X104.339 Y124.638 E17.05335
G1 X104.184 Y123.999 E17.06429
G1 X104.1 Y123.05 E17.08013
G1 X104.1 Y113.95 E17.23146
G1 X104.14 Y113.294 E17.24239
G1 X104.259 Y112.648 E17.25332
G1 X104.456 Y112.021 E17.26425
G1 X104.728 Y111.423 E17.27517
G1 X105.07 Y110.862 E17.2861
G1 X105.682 Y110.132 E17.30194
G1 X106.182 Y109.632 E17.3137
G0 F6000 X106.464 Y109.914
G1 F1200 X106.939 Y109.497 E17.32421
G1 X107.462 Y109.142 E17.33472
G1 X108.026 Y108.856 E17.34524
G1 X108.621 Y108.644 E17.35574
G1 X109.239 Y108.508 E17.36627
G1 X110 Y108.45 E17.37896
G1 X119 Y108.45 E17.52863
G1 X119.631 Y108.49 E17.53915
G1 X120.252 Y108.609 E17.54966
G1 X120.852 Y108.806 E17.56016
G1 X121.424 Y109.077 E17.57069
G1 X121.956 Y109.417 E17.58119
G1 X122.536 Y109.914 E17.59389
G1 X123.036 Y110.414 E17.60565
G1 X123.453 Y110.889 E17.61616
G1 X123.808 Y111.412 E17.62667
G1 X124.094 Y111.976 E17.63719
G1 X124.306 Y112.571 E17.64769
G1 X124.442 Y113.189 E17.65822
G1 X124.5 Y113.95 E17.67091
G1 X124.5 Y123.05 E17.82224
G1 X124.46 Y123.681 E17.83276
G1 X124.341 Y124.302 E17.84327
G1 X124.144 Y124.902 E17.85377
G1 X123.873 Y125.474 E17.8643
G1 X123.533 Y126.006 E17.8748
G1 X123.036 Y126.586 E17.8875
G1 X122.536 Y127.086 E17.89926
G1 X122.061 Y127.503 E17.90977
G1 X121.538 Y127.858 E17.92028
G1 X120.974 Y128.144 E17.9308
G1 X120.379 Y128.356 E17.94131
G1 X119.761 Y128.492 E17.95183
G1 X119 Y128.55 E17.96452
G1 X110 Y128.55 E18.11419
G1 X109.369 Y128.51 E18.12471
G1 X108.748 Y128.391 E18.13522
G1 X108.148 Y128.194 E18.14572
G1 X107.576 Y127.923 E18.15625
G1 X107.044 Y127.583 E18.16675
G1 X106.464 Y127.086 E18.17945
G1 X105.964 Y126.586 E18.19121
G1 X105.547 Y126.111 E18.20172
G1 X105.192 Y125.588 E18.21223
G1 X104.906 Y125.024 E18.22275
G1 X104.694 Y124.429 E18.23325
G1 X104.558 Y123.811 E18.24378
G1 X104.5 Y123.05 E18.25647
G1 X104.5 Y113.95 E18.4078
G1 X104.54 Y113.319 E18.41832
G1 X104.659 Y112.698 E18.42883
G1 X104.856 Y112.098 E18.43934
G1 X105.127 Y111.526 E18.44986
G1 X105.467 Y110.994 E18.46036
G1 X105.964 Y110.414 E18.47306
G1 X106.464 Y109.914 E18.48482
G0 F6000 X106.747 Y110.197
G1 F1200 X107.203 Y109.798 E18.4949
G1 X107.708 Y109.462 E18.50499
G1 X108.252 Y109.195 E18.51506
G1 X108.827 Y109.002 E18.52515
G1 X109.422 Y108.886 E18.53523
G1 X110 Y108.85 E18.54486
G1 X119 Y108.85 E18.69453
G1 X119.605 Y108.89 E18.70462
G1 X120.199 Y109.009 E18.71469
G1 X120.773 Y109.205 E18.72478
G1 X121.316 Y109.476 E18.73487
G1 X121.819 Y109.815 E18.74496
G1 X122.253 Y110.197 E18.75457
G1 X122.753 Y110.697 E18.76633
G1 X123.152 Y111.153 E18.77641
G1 X123.488 Y111.658 E18.7865
G1 X123.755 Y112.202 E18.79657
G1 X123.948 Y112.777 E18.80666
G1 X124.064 Y113.372 E18.81674
G1 X124.1 Y113.95 E18.82637
G1 X124.1 Y123.05 E18.9777
G1 X124.06 Y123.655 E18.98779
G1 X123.941 Y124.249 E18.99786
G1 X123.745 Y124.823 E19.00795
G1 X123.474 Y125.366 E19.01804
G1 X123.135 Y125.869 E19.02813
G1 X122.753 Y126.303 E19.03774
G1 X122.253 Y126.803 E19.0495
G1 X121.797 Y127.202 E19.05958
G1 X121.292 Y127.538 E19.06967
G1 X120.748 Y127.805 E19.07974
G1 X120.173 Y127.998 E19.08983
G1 X119.578 Y128.114 E19.09991
G1 X119 Y128.15 E19.10954
G1 X110 Y128.15 E19.25921
G1 X109.395 Y128.11 E19.2693
G1 X108.801 Y127.991 E19.27937
G1 X108.227 Y127.795 E19.28946
G1 X107.684 Y127.524 E19.29955
G1 X107.181 Y127.185 E19.30964
G1 X106.747 Y126.803 E19.31925
G1 X106.247 Y126.303 E19.33101
G1 X105.848 Y125.847 E19.34109
G1 X105.512 Y125.342 E19.35118
G1 X105.245 Y124.798 E19.36125
G1 X105.052 Y124.223 E19.37134
G1 X104.936 Y123.628 E19.38142
G1 X104.9 Y123.05 E19.39105
G1 X104.9 Y113.95 E19.54239
G1 X104.94 Y113.345 E19.55247
G1 X105.059 Y112.751 E19.56254
G1 X105.255 Y112.177 E19.57263
G1 X105.526 Y111.634 E19.58272
G1 X105.865 Y111.131 E19.59281
G1 X106.247 Y110.697 E19.60242
G1 X106.747 Y110.197 E19.61418
G0 F6000 X107.03 Y110.48
G1 F1200 X107.467 Y110.1 E19.62381
G1 X107.952 Y109.783 E19.63345
G1 X108.476 Y109.536 E19.64308
G1 X109.029 Y109.364 E19.65272
G1 X109.601 Y109.269 E19.66236
G1 X110 Y109.25 E19.669
G1 X119 Y109.25 E19.81867
G1 X119.578 Y109.29 E19.82831
G1 X120.145 Y109.409 E19.83794
G1 X120.69 Y109.605 E19.84757
G1 X121.203 Y109.874 E19.85721
G1 X121.674 Y110.211 E19.86684
G1 X121.97 Y110.48 E19.87349
G1 X122.47 Y110.98 E19.88525
G1 X122.85 Y111.417 E19.89488
G1 X123.167 Y111.902 E19.90451
G1 X123.414 Y112.426 E19.91415
G1 X123.586 Y112.979 E19.92378
G1 X123.681 Y113.551 E19.93342
G1 X123.7 Y113.95 E19.94006
G1 X123.7 Y123.05 E20.0914
G1 X123.66 Y123.628 E20.10103
G1 X123.541 Y124.195 E20.11067
G1 X123.345 Y124.74 E20.1203
G1 X123.076 Y125.253 E20.12993
G1 X122.739 Y125.724 E20.13956
G1 X122.47 Y126.02 E20.14622
G1 X121.97 Y126.52 E20.15797
G1 X121.533 Y126.9 E20.16761
G1 X121.048 Y127.217 E20.17724
G1 X120.524 Y127.464 E20.18687
G1 X119.971 Y127.636 E20.19651
G1 X119.399 Y127.731 E20.20615
G1 X119 Y127.75 E20.21279
G1 X110 Y127.75 E20.36246
G1 X109.422 Y127.71 E20.3721
G1 X108.855 Y127.591 E20.38173
G1 X108.31 Y127.395 E20.39136
G1 X107.797 Y127.126 E20.401
G1 X107.326 Y126.789 E20.41063
G1 X107.03 Y126.52 E20.41728
G1 X106.53 Y126.02 E20.42904
G1 X106.15 Y125.583 E20.43867
G1 X105.833 Y125.098 E20.4483
G1 X105.586 Y124.574 E20.45794
G1 X105.414 Y124.021 E20.46757
G1 X105.319 Y123.449 E20.47721
G1 X105.3 Y123.05 E20.48385
G1 X105.3 Y113.95 E20.63519
G1 X105.34 Y113.372 E20.64482
G1 X105.459 Y112.805 E20.65446
G1 X105.655 Y112.26 E20.66409
G1 X105.924 Y111.747 E20.67372
G1 X106.261 Y111.276 E20.68335
G1 X106.53 Y110.98 E20.69001
G1 X107.03 Y110.48 E20.70176
G0 F6000 X107.313 Y110.763
G1 F1200 X107.73 Y110.403 E20.71093
G1 X108.194 Y110.106 E20.72009
G1 X108.697 Y109.88 E20.72926
G1 X109.227 Y109.729 E20.73842
G1 X110 Y109.65 E20.75135
G1 X119 Y109.65 E20.90102
G1 X119.55 Y109.69 E20.91019
G1 X120.088 Y109.809 E20.91935
G1 X120.603 Y110.005 E20.92851
G1 X121.084 Y110.273 E20.93767
G1 X121.687 Y110.763 E20.95059
G1 X122.187 Y111.263 E20.96235
G1 X122.547 Y111.68 E20.97151
G1 X122.844 Y112.144 E20.98067
G1 X123.07 Y112.647 E20.98984
G1 X123.221 Y113.177 E20.99901
G1 X123.3 Y113.95 E21.01193
G1 X123.3 Y123.05 E21.16327
G1 X123.26 Y123.6 E21.17244
G1 X123.141 Y124.138 E21.1816
G1 X122.945 Y124.653 E21.19076
G1 X122.677 Y125.134 E21.19992
G1 X122.187 Y125.737 E21.21284
G1 X121.687 Y126.237 E21.2246
G1 X121.27 Y126.597 E21.23376
G1 X120.806 Y126.894 E21.24292
G1 X120.303 Y127.12 E21.25209
G1 X119.773 Y127.271 E21.26126
G1 X119 Y127.35 E21.27418
G1 X110 Y127.35 E21.42385
G1 X109.45 Y127.31 E21.43302
G1 X108.912 Y127.191 E21.44219
G1 X108.397 Y126.995 E21.45135
G1 X107.916 Y126.727 E21.46051
G1 X107.313 Y126.237 E21.47343
G1 X106.813 Y125.737 E21.48519
G1 X106.453 Y125.32 E21.49435
G1 X106.156 Y124.856 E21.50351
G1 X105.93 Y124.353 E21.51268
G1 X105.779 Y123.823 E21.52184
G1 X105.7 Y123.05 E21.53477
G1 X105.7 Y113.95 E21.6861
G1 X105.74 Y113.4 E21.69527
G1 X105.859 Y112.862 E21.70443
G1 X106.055 Y112.347 E21.7136
G1 X106.323 Y111.866 E21.72275
G1 X106.813 Y111.263 E21.73568
G1 X107.313 Y110.763 E21.74744
G0 F6000 X107.596 Y111.046
G1 F1200 X107.992 Y110.707 E21.7561
G1 X108.434 Y110.432 E21.76476
G1 X108.914 Y110.228 E21.77343
G1 X109.419 Y110.1 E21.7821
G1 X110 Y110.05 E21.7918
G1 X119 Y110.05 E21.94147
G1 X119.52 Y110.09 E21.95014
G1 X120.027 Y110.209 E21.9588
G1 X120.51 Y110.404 E21.96746
G1 X120.958 Y110.67 E21.97613
G1 X121.404 Y111.046 E21.98583
G1 X121.904 Y111.546 E21.99759
G1 X122.243 Y111.942 E22.00626
G1 X122.518 Y112.384 E22.01491
G1 X122.722 Y112.864 E22.02359
G1 X122.85 Y113.369 E22.03225
G1 X122.9 Y113.95 E22.04195
G1 X122.9 Y123.05 E22.19328
G1 X122.86 Y123.57 E22.20196
G1 X122.741 Y124.077 E22.21062
G1 X122.546 Y124.56 E22.21928
G1 X122.28 Y125.008 E22.22794
G1 X121.904 Y125.454 E22.23764
G1 X121.404 Y125.954 E22.2494
G1 X121.008 Y126.293 E22.25807
G1 X120.566 Y126.568 E22.26673
G1 X120.086 Y126.772 E22.2754
G1 X119.581 Y126.9 E22.28407
G1 X119 Y126.95 E22.29376
G1 X110 Y126.95 E22.44344
G1 X109.48 Y126.91 E22.45211
G1 X108.973 Y126.791 E22.46077
G1 X108.49 Y126.596 E22.46943
G1 X108.042 Y126.33 E22.4781
G1 X107.596 Y125.954 E22.4878
G1 X107.096 Y125.454 E22.49956
G1 X106.757 Y125.058 E22.50822
G1 X106.482 Y124.616 E22.51688
G1 X106.278 Y124.136 E22.52556
G1 X106.15 Y123.631 E22.53422
G1 X106.1 Y123.05 E22.54392
G1 X106.1 Y113.95 E22.69525
G1 X106.14 Y113.43 E22.70392
G1 X106.259 Y112.923 E22.71258
G1 X106.454 Y112.44 E22.72125
G1 X106.72 Y111.992 E22.72991
G1 X107.096 Y111.546 E22.73961
G1 X107.596 Y111.046 E22.75137
G0 F6000 X107.879 Y111.329
G1 F1200 X108.252 Y111.012 E22.75951
G1 X108.672 Y110.76 E22.76766
G1 X109.127 Y110.58 E22.77579
G1 X109.605 Y110.476 E22.78393
G1 X110 Y110.45 E22.79051
G1 X119 Y110.45 E22.94018
G1 X119.488 Y110.49 E22.94833
G1 X119.963 Y110.609 E22.95647
G1 X120.412 Y110.803 E22.9646
G1 X120.824 Y111.068 E22.97275
G1 X121.121 Y111.329 E22.97933
G1 X121.621 Y111.829 E22.99108
G1 X121.938 Y112.202 E22.99923
G1 X122.19 Y112.622 E23.00737
G1 X122.37 Y113.077 E23.01551
G1 X122.474 Y113.555 E23.02364
G1 X122.5 Y113.95 E23.03023
G1 X122.5 Y123.05 E23.18156
G1 X122.46 Y123.538 E23.1897
G1 X122.341 Y124.013 E23.19785
G1 X122.147 Y124.462 E23.20598
G1 X121.882 Y124.874 E23.21413
G1 X121.621 Y125.171 E23.2207
G1 X121.121 Y125.671 E23.23246
G1 X120.748 Y125.988 E23.2406
G1 X120.328 Y126.24 E23.24875
G1 X119.873 Y126.42 E23.25688
G1 X119.395 Y126.524 E23.26502
G1 X119 Y126.55 E23.2716
G1 X110 Y126.55 E23.42127
G1 X109.512 Y126.51 E23.42942
G1 X109.037 Y126.391 E23.43756
G1 X108.588 Y126.197 E23.44569
G1 X108.176 Y125.932 E23.45384
G1 X107.879 Y125.671 E23.46042
G1 X107.379 Y125.171 E23.47217
G1 X107.062 Y124.798 E23.48031
G1 X106.81 Y124.378 E23.48846
G1 X106.63 Y123.923 E23.4966
G1 X106.526 Y123.445 E23.50473
G1 X106.5 Y123.05 E23.51132
G1 X106.5 Y113.95 E23.66265
G1 X106.54 Y113.462 E23.67079
G1 X106.659 Y112.987 E23.67894
G1 X106.853 Y112.538 E23.68707
G1 X107.118 Y112.126 E23.69522
G1 X107.379 Y111.829 E23.70179
G1 X107.879 Y111.329 E23.71355
G0 F6000 X108.162 Y111.612
G1 F1200 X108.511 Y111.319 E23.72113
G1 X108.906 Y111.092 E23.7287
G1 X109.334 Y110.937 E23.73627
G1 X110 Y110.85 E23.74744
G1 X119 Y110.85 E23.89712
G1 X119.454 Y110.89 E23.90469
G1 X119.894 Y111.008 E23.91227
G1 X120.306 Y111.202 E23.91984
G1 X120.838 Y111.612 E23.93101
G1 X121.338 Y112.112 E23.94277
G1 X121.631 Y112.461 E23.95035
G1 X121.858 Y112.856 E23.95793
G1 X122.013 Y113.284 E23.9655
G1 X122.1 Y113.95 E23.97667
G1 X122.1 Y123.05 E24.128
G1 X122.06 Y123.504 E24.13558
G1 X121.942 Y123.944 E24.14316
G1 X121.748 Y124.356 E24.15073
G1 X121.338 Y124.888 E24.1619
G1 X120.838 Y125.388 E24.17366
G1 X120.489 Y125.681 E24.18124
G1 X120.094 Y125.908 E24.18881
G1 X119.666 Y126.063 E24.19638
G1 X119 Y126.15 E24.20755
G1 X110 Y126.15 E24.35722
G1 X109.546 Y126.11 E24.3648
G1 X109.106 Y125.992 E24.37238
G1 X108.694 Y125.798 E24.37995
G1 X108.162 Y125.388 E24.39112
G1 X107.662 Y124.888 E24.40288
G1 X107.369 Y124.539 E24.41046
G1 X107.142 Y124.144 E24.41803
G1 X106.987 Y123.716 E24.4256
G1 X106.9 Y123.05 E24.43677
G1 X106.9 Y113.95 E24.58811
G1 X106.94 Y113.496 E24.59569
G1 X107.058 Y113.056 E24.60326
G1 X107.252 Y112.644 E24.61084
G1 X107.662 Y112.112 E24.62201
G1 X108.162 Y111.612 E24.63376
G0 F6000 X108.444 Y111.894
G1 F1200 X108.768 Y111.628 E24.64074
G1 X109.135 Y111.427 E24.64769
G1 X109.535 Y111.3 E24.65467
G1 X110 Y111.25 E24.66245
G1 X119 Y111.25 E24.81212
G1 X119.417 Y111.29 E24.81909
G1 X119.819 Y111.408 E24.82606
G1 X120.191 Y111.601 E24.83303
G1 X120.556 Y111.894 E24.84081
G1 X121.056 Y112.394 E24.85257
G1 X121.322 Y112.718 E24.85954
G1 X121.523 Y113.085 E24.8665
G1 X121.65 Y113.485 E24.87348
G1 X121.7 Y113.95 E24.88126
G1 X121.7 Y123.05 E25.03259
G1 X121.66 Y123.467 E25.03956
G1 X121.542 Y123.869 E25.04652
G1 X121.349 Y124.241 E25.05349
G1 X121.056 Y124.606 E25.06128
G1 X120.556 Y125.106 E25.07304
G1 X120.232 Y125.372 E25.08001
G1 X119.865 Y125.573 E25.08697
G1 X119.465 Y125.7 E25.09394
G1 X119 Y125.75 E25.10172
G1 X110 Y125.75 E25.25139
G1 X109.583 Y125.71 E25.25836
G1 X109.181 Y125.592 E25.26533
G1 X108.809 Y125.399 E25.2723
G1 X108.444 Y125.106 E25.28008
G1 X107.944 Y124.606 E25.29184
G1 X107.678 Y124.282 E25.29881
G1 X107.477 Y123.915 E25.30577
G1 X107.35 Y123.515 E25.31275
G1 X107.3 Y123.05 E25.32053
G1 X107.3 Y113.95 E25.47186
G1 X107.34 Y113.533 E25.47883
G1 X107.458 Y113.131 E25.48579
G1 X107.651 Y112.759 E25.49276
G1 X107.944 Y112.394 E25.50055
G1 X108.444 Y111.894 E25.51231
G0 F6000 X108.727 Y112.177
G1 F1200 X109.022 Y111.939 E25.51861
G1 X109.36 Y111.768 E25.52491
G1 X109.726 Y111.671 E25.53121
G1 X110 Y111.65 E25.53578
G1 X119 Y111.65 E25.68545
G1 X119.377 Y111.69 E25.69175
G1 X119.737 Y111.808 E25.69805
G1 X120.064 Y111.998 E25.70434
G1 X120.273 Y112.177 E25.70892
G1 X120.773 Y112.677 E25.72068
G1 X121.011 Y112.972 E25.72698
G1 X121.182 Y113.31 E25.73328
G1 X121.279 Y113.676 E25.73958
G1 X121.3 Y113.95 E25.74415
G1 X121.3 Y123.05 E25.89548
G1 X121.26 Y123.427 E25.90178
G1 X121.142 Y123.787 E25.90808
G1 X120.952 Y124.114 E25.91437
G1 X120.773 Y124.323 E25.91895
G1 X120.273 Y124.823 E25.93071
G1 X119.978 Y125.061 E25.93701
G1 X119.64 Y125.232 E25.94331
G1 X119.274 Y125.329 E25.94961
G1 X119 Y125.35 E25.95418
G1 X110 Y125.35 E26.10385
G1 X109.623 Y125.31 E26.11015
G1 X109.263 Y125.192 E26.11645
G1 X108.936 Y125.002 E26.12274
G1 X108.727 Y124.823 E26.12732
G1 X108.227 Y124.323 E26.13908
G1 X107.989 Y124.028 E26.14538
G1 X107.818 Y123.69 E26.15168
G1 X107.721 Y123.324 E26.15798
G1 X107.7 Y123.05 E26.16255
G1 X107.7 Y113.95 E26.31388
G1 X107.74 Y113.573 E26.32019
G1 X107.858 Y113.213 E26.32649
G1 X108.048 Y112.886 E26.33278
G1 X108.227 Y112.677 E26.33735
G1 X108.727 Y112.177 E26.34911
G0 F6000 X109.01 Y112.46
G1 F1200 X109.273 Y112.254 E26.35467
G1 X109.577 Y112.115 E26.36023
G1 X110 Y112.05 E26.36734
G1 X119 Y112.05 E26.51701
G1 X119.332 Y112.09 E26.52257
G1 X119.644 Y112.207 E26.52812
G1 X119.99 Y112.46 E26.53524
G1 X120.49 Y112.96 E26.547
G1 X120.696 Y113.223 E26.55256
G1 X120.835 Y113.527 E26.55812
G1 X120.9 Y113.95 E26.56524
G1 X120.9 Y123.05 E26.71657
G1 X120.86 Y123.382 E26.72213
G1 X120.743 Y123.694 E26.72767
G1 X120.49 Y124.04 E26.7348
G1 X119.99 Y124.54 E26.74656
G1 X119.727 Y124.746 E26.75211
G1 X119.423 Y124.885 E26.75767
G1 X119 Y124.95 E26.76479
G1 X110 Y124.95 E26.91446
G1 X109.668 Y124.91 E26.92002
G1 X109.356 Y124.793 E26.92556
G1 X109.01 Y124.54 E26.93269
G1 X108.51 Y124.04 E26.94445
G1 X108.304 Y123.777 E26.95001
G1 X108.165 Y123.473 E26.95557
G1 X108.1 Y123.05 E26.96268
G1 X108.1 Y113.95 E27.11402
G1 X108.14 Y113.618 E27.11958
G1 X108.257 Y113.306 E27.12512
G1 X108.51 Y112.96 E27.13225
G1 X109.01 Y112.46 E27.14401
G0 F6000 X109.293 Y112.743
G1 F1200 X109.519 Y112.574 E27.1487
G1 X109.846 Y112.45 E27.15452
G1 X119 Y112.45 E27.30675
G1 X119.279 Y112.49 E27.31143
G1 X119.598 Y112.634 E27.31725
G1 X120.207 Y113.243 E27.33158
G1 X120.376 Y113.469 E27.33627
G1 X120.5 Y113.796 E27.34209
G1 X120.5 Y123.05 E27.49598
G1 X120.46 Y123.329 E27.50067
G1 X120.316 Y123.648 E27.50649
G1 X119.707 Y124.257 E27.52081
G1 X119.481 Y124.426 E27.5255
G1 X119.154 Y124.55 E27.53132
G1 X110 Y124.55 E27.68355
G1 X109.721 Y124.51 E27.68824
G1 X109.402 Y124.366 E27.69406
G1 X108.793 Y123.757 E27.70838
G1 X108.624 Y123.531 E27.71308
G1 X108.5 Y123.204 E27.71889
G1 X108.5 Y113.95 E27.87279
G1 X108.54 Y113.671 E27.87747
G1 X108.684 Y113.352 E27.88329
G1 X109.293 Y112.743 E27.89762
G0 F6000 X109.576 Y113.026
G1 F1200 X109.755 Y112.902 E27.90124
G1 X110 Y112.85 E27.9054
G1 X119 Y112.85 E28.05507
G1 X119.215 Y112.89 E28.05871
G1 X119.424 Y113.026 E28.06286
G1 X119.924 Y113.526 E28.07462
G1 X120.048 Y113.705 E28.07824
G1 X120.1 Y113.95 E28.0824
G1 X120.1 Y123.05 E28.23374
G1 X120.06 Y123.265 E28.23737
G1 X119.924 Y123.474 E28.24152
G1 X119.424 Y123.974 E28.25328
G1 X119.245 Y124.098 E28.2569
G1 X119 Y124.15 E28.26107
G1 X110 Y124.15 E28.41074
G1 X109.785 Y124.11 E28.41437
G1 X109.576 Y123.974 E28.41852
G1 X109.076 Y123.474 E28.43028
G1 X108.952 Y123.295 E28.4339
G1 X108.9 Y123.05 E28.43806
G1 X108.9 Y113.95 E28.5894
G1 X108.94 Y113.735 E28.59304
G1 X109.076 Y113.526 E28.59718
G1 X109.576 Y113.026 E28.60894
G0 F6000 X109.859 Y113.309
G1 F1200 X110 Y113.25 E28.61148
G1 X119 Y113.25 E28.76115
G1 X119.141 Y113.309 E28.7637
G1 X119.641 Y113.809 E28.77545
G1 X119.7 Y113.95 E28.778
G1 X119.7 Y123.05 E28.92933
G1 X119.641 Y123.191 E28.93187
G1 X119.141 Y123.691 E28.94363
G1 X119 Y123.75 E28.94617
G1 X110 Y123.75 E29.09584
G1 X109.859 Y123.691 E29.09839
G1 X109.359 Y123.191 E29.11014
G1 X109.3 Y123.05 E29.11269
G1 X109.3 Y113.95 E29.26402
G1 X109.359 Y113.809 E29.26656
G1 X109.859 Y113.309 E29.27832
;MESH:shim_v6.stl
G0 F6000 X110.173 Y113.868
G0 X110.5 Y114.45
;TYPE:WALL-INNER
G1 F1200 X110.5 Y122.55 E29.41303
G1 X118.5 Y122.55 E29.54607
G1 X118.5 Y114.45 E29.68077
G1 X110.5 Y114.45 E29.81381
G0 F6000 X110.1 Y114.2
G1 F1200 X110.1 Y122.8 E29.95683
G1 X110.25 Y122.95 E29.96036
G1 X118.75 Y122.95 E30.10171
G1 X118.9 Y122.8 E30.10524
G1 X118.9 Y114.2 E30.24826
G1 X118.75 Y114.05 E30.25179
G1 X110.25 Y114.05 E30.39314
G1 X110.1 Y114.2 E30.39667
G0 F6000 X109.7 Y114.034
;TYPE:WALL-OUTER
G1 F1200 X109.7 Y122.966 E30.54521
G1 X110.084 Y123.35 E30.55424
G1 X118.916 Y123.35 E30.70112
G1 X119.3 Y122.966 E30.71015
G1 X119.3 Y114.034 E30.85869
G1 X118.916 Y113.65 E30.86772
G1 X110.084 Y113.65 E31.0146
G1 X109.7 Y114.034 E31.02363
G0 F6000 X110.392 Y114.32
G0 X110.6 Y114.77
G0 X110.82 Y114.77
;TYPE:SKIN
G1 F1200 X110.82 Y122.23 E31.15017
G1 X118.18 Y122.23 E31.27501
G1 X118.18 Y114.77 E31.40155
G1 X110.82 Y114.77 E31.5264
G0 F6000 X110.6 Y114.77
G0 X118.328 Y114.622
G0 X118.4 Y115.151
G0 X117.98 Y115.151
G1 F1200 X117.798 Y114.969 E31.53077
G0 F6000 X117.232 Y114.969
G1 F1200 X117.98 Y115.717 E31.54871
G0 F6000 X117.98 Y116.283
G1 F1200 X116.666 Y114.969 E31.58023
G0 F6000 X116.101 Y114.969
G1 F1200 X117.98 Y116.848 E31.62531
G0 F6000 X117.98 Y117.414
G1 F1200 X115.535 Y114.969 E31.68396
G0 F6000 X114.969 Y114.969
G1 F1200 X117.98 Y117.98 E31.75619
G0 F6000 X117.98 Y118.545
G1 F1200 X114.404 Y114.969 E31.84197
G0 F6000 X113.838 Y114.969
G1 F1200 X117.98 Y119.111 E31.94133
G0 F6000 X117.98 Y119.677
G1 F1200 X113.272 Y114.969 E32.05427
G0 F6000 X112.707 Y114.969
G1 F1200 X117.98 Y120.242 E32.18077
G0 F6000 X117.98 Y120.808
G1 F1200 X112.141 Y114.969 E32.32084
G0 F6000 X111.575 Y114.969
G1 F1200 X117.98 Y121.374 E32.47449
G0 F6000 X117.98 Y121.939
G1 F1200 X111.02 Y114.979 E32.64145
G0 F6000 X111.02 Y115.545
G1 F1200 X117.503 Y122.028 E32.79697
G0 F6000 X116.937 Y122.028
G1 F1200 X111.02 Y116.111 E32.93891
G0 F6000 X111.02 Y116.676
G1 F1200 X116.372 Y122.028 E33.0673
G0 F6000 X115.806 Y122.028
G1 F1200 X111.02 Y117.242 E33.18211
G0 F6000 X111.02 Y117.808
G1 F1200 X115.24 Y122.028 E33.28334
G0 F6000 X114.675 Y122.028
G1 F1200 X111.02 Y118.373 E33.37102
G0 F6000 X111.02 Y118.939
G1 F1200 X114.109 Y122.028 E33.44512
G0 F6000 X113.543 Y122.028
G1 F1200 X111.02 Y119.505 E33.50565
G0 F6000 X111.02 Y120.07
G1 F1200 X112.977 Y122.028 E33.55261
G0 F6000 X112.412 Y122.028
G1 F1200 X111.02 Y120.636 E33.586
G0 F6000 X111.02 Y121.202
G1 F1200 X111.846 Y122.028 E33.60581
G0 F6000 X111.28 Y122.028
G1 F1200 X111.02 Y121.768 E33.61205
;MESH:NONMESH
G0 F300 X111.02 Y121.768 Z0.2
G0 F6000 X110.6 Y121.768
G0 X110.5 Y114.45
;TIME_ELAPSED:109.675618
;LAYER:1
M106 S85
;TYPE:WALL-INNER
;MESH:shim_v6.stl
G1 F1350 X110.5 Y122.55 E33.74675
G1 X118.5 Y122.55 E33.87979
G1 X118.5 Y114.45 E34.0145
G1 X110.5 Y114.45 E34.14754
G0 F6600 X110.1 Y114.2
G1 F1350 X110.1 Y122.8 E34.29056
G1 X110.25 Y122.95 E34.29408
G1 X118.75 Y122.95 E34.43544
G1 X118.9 Y122.8 E34.43897
G1 X118.9 Y114.2 E34.58199
G1 X118.75 Y114.05 E34.58551
G1 X110.25 Y114.05 E34.72687
G1 X110.1 Y114.2 E34.7304
G0 F6600 X109.7 Y114.034
;TYPE:WALL-OUTER
G1 F1350 X109.7 Y122.966 E34.87894
G1 X110.084 Y123.35 E34.88797
G1 X118.916 Y123.35 E35.03484
G1 X119.3 Y122.966 E35.04388
G1 X119.3 Y114.034 E35.19242
G1 X118.916 Y113.65 E35.20145
G1 X110.084 Y113.65 E35.34832
G1 X109.7 Y114.034 E35.35735
G0 F6600 X110.392 Y114.32
G0 X110.6 Y114.77
G0 X110.82 Y114.77
;TYPE:SKIN
G1 F1200 X110.82 Y122.23 E35.4839
G1 X118.18 Y122.23 E35.60874
G1 X118.18 Y114.77 E35.73528
G1 X110.82 Y114.77 E35.86013
G0 F6600 X111.304 Y114.969
G1 F1200 X111.02 Y115.254 E35.86695
G0 F6600 X111.02 Y115.819
G1 F1200 X111.869 Y114.969 E35.88733
G0 F6600 X112.435 Y114.969
G1 F1200 X111.02 Y116.385 E35.92129
G0 F6600 X111.02 Y116.951
G1 F1200 X113.001 Y114.969 E35.96882
G0 F6600 X113.567 Y114.969
G1 F1200 X111.02 Y117.516 E36.02992
G0 F6600 X111.02 Y118.082
G1 F1200 X114.132 Y114.969 E36.10459
G0 F6600 X114.698 Y114.969
G1 F1200 X111.02 Y118.648 E36.19283
G0 F6600 X111.02 Y119.213
G1 F1200 X115.264 Y114.969 E36.29464
G0 F6600 X115.829 Y114.969
G1 F1200 X111.02 Y119.779 E36.41001
G0 F6600 X111.02 Y120.345
G1 F1200 X116.395 Y114.969 E36.53896
G0 F6600 X116.961 Y114.969
G1 F1200 X111.02 Y120.911 E36.68149
G0 F6600 X111.02 Y121.476
G1 F1200 X117.526 Y114.969 E36.83758
G0 F6600 X117.979 Y115.083
G1 F1200 X111.032 Y122.029 E37.00422
G0 F6600 X111.598 Y122.029
G1 F1200 X117.979 Y115.648 E37.15729
G0 F6600 X117.979 Y116.214
G1 F1200 X112.164 Y122.029 E37.29678
G0 F6600 X112.729 Y122.029
G1 F1200 X117.979 Y116.78 E37.42271
G0 F6600 X117.979 Y117.345
G1 F1200 X113.295 Y122.029 E37.53508
G0 F6600 X113.861 Y122.029
G1 F1200 X117.979 Y117.911 E37.63386
G0 F6600 X117.979 Y118.477
G1 F1200 X114.426 Y122.029 E37.71908
G0 F6600 X114.992 Y122.029
G1 F1200 X117.979 Y119.042 E37.79074
G0 F6600 X117.979 Y119.608
G1 F1200 X115.558 Y122.029 E37.84881
G0 F6600 X116.123 Y122.029
G1 F1200 X117.979 Y120.174 E37.89333
G0 F6600 X117.979 Y120.739
G1 F1200 X116.689 Y122.029 E37.92427
G0 F6600 X117.255 Y122.029
G1 F1200 X117.979 Y121.305 E37.94164
G0 F6600 X117.979 Y121.871
G1 F1200 X117.82 Y122.029 E37.94544
;MESH:NONMESH
G0 F300 X117.82 Y122.029 Z0.3
G0 F6600 X117.82 Y122.45
G0 X110.672 Y122.378
G0 X110.5 Y114.45
;TIME_ELAPSED:124.766614
;LAYER:2
M106 S170
;TYPE:WALL-INNER
;MESH:shim_v6.stl
G1 F1500 X110.5 Y122.55 E38.08015
G1 X118.5 Y122.55 E38.21319
G1 X118.5 Y114.45 E38.34789
G1 X110.5 Y114.45 E38.48093
G0 F7200 X110.25 Y114.05
G1 F1500 X110.1 Y114.2 E38.48446
G1 X110.1 Y114.305 E38.4862
G1 X110.1 Y122.8 E38.62748
G1 X110.25 Y122.95 E38.631
G1 X118.75 Y122.95 E38.77236
G1 X118.9 Y122.8 E38.77589
G1 X118.9 Y114.2 E38.91891
G1 X118.75 Y114.05 E38.92243
G1 X110.25 Y114.05 E39.06379
G0 F7200 X110.084 Y113.65
;TYPE:WALL-OUTER
G1 F1500 X109.7 Y114.034 E39.07282
G1 X109.7 Y114.305 E39.07733
G1 X109.7 Y122.966 E39.22136
G1 X110.084 Y123.35 E39.23039
G1 X118.916 Y123.35 E39.37727
G1 X119.3 Y122.966 E39.3863
G1 X119.3 Y114.034 E39.53484
G1 X118.916 Y113.65 E39.54387
G1 X110.084 Y113.65 E39.69075
G0 F7200 X110.37 Y114.342
G0 X110.6 Y114.77
G0 X110.82 Y114.77
;TYPE:SKIN
G1 F1200 X110.82 Y122.23 E39.81729
G1 X118.18 Y122.23 E39.94213
G1 X118.18 Y114.77 E40.06867
G1 X110.82 Y114.77 E40.19352
G0 F7200 X110.6 Y114.77
G0 X118.328 Y114.622
G0 X118.4 Y115.151
G0 X117.98 Y115.151
G1 F1200 X117.798 Y114.969 E40.19789
G0 F7200 X117.232 Y114.969
G1 F1200 X117.98 Y115.717 E40.21583
G0 F7200 X117.98 Y116.283
G1 F1200 X116.666 Y114.969 E40.24735
G0 F7200 X116.101 Y114.969
G1 F1200 X117.98 Y116.848 E40.29243
G0 F7200 X117.98 Y117.414
G1 F1200 X115.535 Y114.969 E40.35108
G0 F7200 X114.969 Y114.969
G1 F1200 X117.98 Y117.98 E40.42331
G0 F7200 X117.98 Y118.545
G1 F1200 X114.404 Y114.969 E40.50909
G0 F7200 X113.838 Y114.969
G1 F1200 X117.98 Y119.111 E40.60845
G0 F7200 X117.98 Y119.677
G1 F1200 X113.272 Y114.969 E40.72139
G0 F7200 X112.707 Y114.969
G1 F1200 X117.98 Y120.242 E40.84789
G0 F7200 X117.98 Y120.808
G1 F1200 X112.141 Y114.969 E40.98796
G0 F7200 X111.575 Y114.969
G1 F1200 X117.98 Y121.374 E41.14161
G0 F7200 X117.98 Y121.939
G1 F1200 X111.02 Y114.979 E41.30857
G0 F7200 X111.02 Y115.545
G1 F1200 X117.503 Y122.028 E41.46409
G0 F7200 X116.937 Y122.028
G1 F1200 X111.02 Y116.111 E41.60603
G0 F7200 X111.02 Y116.676
G1 F1200 X116.372 Y122.028 E41.73442
G0 F7200 X115.806 Y122.028
G1 F1200 X111.02 Y117.242 E41.84923
G0 F7200 X111.02 Y117.808
G1 F1200 X115.24 Y122.028 E41.95046
G0 F7200 X114.675 Y122.028
G1 F1200 X111.02 Y118.373 E42.03814
G0 F7200 X111.02 Y118.939
G1 F1200 X114.109 Y122.028 E42.11224
G0 F7200 X113.543 Y122.028
G1 F1200 X111.02 Y119.505 E42.17277
G0 F7200 X111.02 Y120.07
G1 F1200 X112.977 Y122.028 E42.21973
G0 F7200 X112.412 Y122.028
G1 F1200 X111.02 Y120.636 E42.25312
G0 F7200 X111.02 Y121.202
G1 F1200 X111.846 Y122.028 E42.27293
G0 F7200 X111.28 Y122.028
G1 F1200 X111.02 Y121.768 E42.27917
;MESH:NONMESH
G0 F300 X111.02 Y121.768 Z0.4
G0 F7200 X110.6 Y121.768
G0 X110.5 Y114.45
;TIME_ELAPSED:139.521331
;LAYER:3
M106 S255
;TYPE:WALL-INNER
;MESH:shim_v6.stl
G1 F1500 X110.5 Y122.55 E42.41387
G1 X118.5 Y122.55 E42.54691
G1 X118.5 Y114.45 E42.68162
G1 X110.5 Y114.45 E42.81466
G0 F7200 X110.1 Y114.2
G1 F1500 X110.1 Y122.8 E42.95768
G1 X110.25 Y122.95 E42.9612
G1 X118.75 Y122.95 E43.10256
G1 X118.9 Y122.8 E43.10609
G1 X118.9 Y114.2 E43.24911
G1 X118.75 Y114.05 E43.25263
G1 X110.25 Y114.05 E43.39399
G1 X110.1 Y114.2 E43.39752
G0 F7200 X109.7 Y114.034
;TYPE:WALL-OUTER
G1 F1500 X109.7 Y122.966 E43.54606
G1 X110.084 Y123.35 E43.55509
G1 X118.916 Y123.35 E43.70196
G1 X119.3 Y122.966 E43.711
G1 X119.3 Y114.034 E43.85954
G1 X118.916 Y113.65 E43.86857
G1 X110.084 Y113.65 E44.01544
G1 X109.7 Y114.034 E44.02447
G0 F7200 X110.392 Y114.32
G0 X110.6 Y114.77
G0 X110.82 Y114.77
;TYPE:SKIN
G1 F1200 X110.82 Y122.23 E44.15102
G1 X118.18 Y122.23 E44.27586
G1 X118.18 Y114.77 E44.4024
G1 X110.82 Y114.77 E44.52725
G0 F7200 X111.304 Y114.969
G1 F1200 X111.02 Y115.254 E44.53407
G0 F7200 X111.02 Y115.819
G1 F1200 X111.869 Y114.969 E44.55445
G0 F7200 X112.435 Y114.969
G1 F1200 X111.02 Y116.385 E44.58841
G0 F7200 X111.02 Y116.951
G1 F1200 X113.001 Y114.969 E44.63594
G0 F7200 X113.567 Y114.969
G1 F1200 X111.02 Y117.516 E44.69704
G0 F7200 X111.02 Y118.082
G1 F1200 X114.132 Y114.969 E44.77171
G0 F7200 X114.698 Y114.969
G1 F1200 X111.02 Y118.648 E44.85995
G0 F7200 X111.02 Y119.213
G1 F1200 X115.264 Y114.969 E44.96176
G0 F7200 X115.829 Y114.969
G1 F1200 X111.02 Y119.779 E45.07713
G0 F7200 X111.02 Y120.345
G1 F1200 X116.395 Y114.969 E45.20608
G0 F7200 X116.961 Y114.969
G1 F1200 X111.02 Y120.911 E45.34861
G0 F7200 X111.02 Y121.476
G1 F1200 X117.526 Y114.969 E45.5047
G0 F7200 X117.979 Y115.083
G1 F1200 X111.032 Y122.029 E45.67134
G0 F7200 X111.598 Y122.029
G1 F1200 X117.979 Y115.648 E45.82441
G0 F7200 X117.979 Y116.214
G1 F1200 X112.164 Y122.029 E45.9639
G0 F7200 X112.729 Y122.029
G1 F1200 X117.979 Y116.78 E46.08983
G0 F7200 X117.979 Y117.345
G1 F1200 X113.295 Y122.029 E46.2022
G0 F7200 X113.861 Y122.029
G1 F1200 X117.979 Y117.911 E46.30098
G0 F7200 X117.979 Y118.477
G1 F1200 X114.426 Y122.029 E46.3862
G0 F7200 X114.992 Y122.029
G1 F1200 X117.979 Y119.042 E46.45786
G0 F7200 X117.979 Y119.608
G1 F1200 X115.558 Y122.029 E46.51593
G0 F7200 X116.123 Y122.029
G1 F1200 X117.979 Y120.174 E46.56045
G0 F7200 X117.979 Y120.739
G1 F1200 X116.689 Y122.029 E46.59139
G0 F7200 X117.255 Y122.029
G1 F1200 X117.979 Y121.305 E46.60876
G0 F7200 X117.979 Y121.871
G1 F1200 X117.82 Y122.029 E46.61256
;MESH:NONMESH
G0 F300 X117.82 Y122.029 Z0.5
G0 F7200 X117.82 Y122.45
G0 X110.672 Y122.378
G0 X110.5 Y114.45
;TIME_ELAPSED:154.220329
;LAYER:4
;TYPE:WALL-INNER
;MESH:shim_v6.stl
G1 F1500 X110.5 Y122.55 E46.74726
G1 X118.5 Y122.55 E46.88031
G1 X118.5 Y114.45 E47.01501
G1 X110.5 Y114.45 E47.14805
G0 F7200 X110.1 Y114.2
G1 F1500 X110.1 Y122.8 E47.29107
G1 X110.25 Y122.95 E47.2946
G1 X118.75 Y122.95 E47.43595
G1 X118.9 Y122.8 E47.43948
G1 X118.9 Y114.2 E47.5825
G1 X118.75 Y114.05 E47.58603
G1 X110.25 Y114.05 E47.72738
G1 X110.1 Y114.2 E47.73091
G0 F7200 X109.7 Y114.034
;TYPE:WALL-OUTER
G1 F1500 X109.7 Y122.966 E47.87945
G1 X110.084 Y123.35 E47.88848
G1 X118.916 Y123.35 E48.03536
G1 X119.3 Y122.966 E48.04439
G1 X119.3 Y114.034 E48.19293
G1 X118.916 Y113.65 E48.20196
G1 X110.084 Y113.65 E48.34884
G1 X109.7 Y114.034 E48.35787
G0 F7200 X110.392 Y114.32
G0 X110.6 Y114.77
G0 X110.82 Y114.77
;TYPE:SKIN
G1 F1200 X110.82 Y118.45 E48.42029
G1 X110.82 Y122.23 E48.48441
G1 X118.18 Y122.23 E48.60925
G1 X118.18 Y114.77 E48.73579
G1 X110.82 Y114.77 E48.86064
G0 F7200 X110.6 Y114.77
G0 X118.328 Y114.622
G0 X118.4 Y115.151
G0 X117.98 Y115.151
G1 F1200 X117.798 Y114.969 E48.86501
G0 F7200 X117.232 Y114.969
G1 F1200 X117.98 Y115.717 E48.88295
G0 F7200 X117.98 Y116.283
G1 F1200 X116.666 Y114.969 E48.91447
G0 F7200 X116.101 Y114.969
G1 F1200 X117.98 Y116.848 E48.95955
G0 F7200 X117.98 Y117.414
G1 F1200 X115.535 Y114.969 E49.0182
G0 F7200 X114.969 Y114.969
G1 F1200 X117.98 Y117.98 E49.09043
G0 F7200 X117.98 Y118.545
G1 F1200 X114.404 Y114.969 E49.17621
G0 F7200 X113.838 Y114.969
G1 F1200 X117.98 Y119.111 E49.27557
G0 F7200 X117.98 Y119.677
G1 F1200 X113.272 Y114.969 E49.38851
G0 F7200 X112.707 Y114.969
G1 F1200 X117.98 Y120.242 E49.51501
G0 F7200 X117.98 Y120.808
G1 F1200 X112.141 Y114.969 E49.65508
G0 F7200 X111.575 Y114.969
G1 F1200 X117.98 Y121.374 E49.80873
G0 F7200 X117.98 Y121.939
G1 F1200 X111.02 Y114.979 E49.97569
G0 F7200 X111.02 Y115.545
G1 F1200 X117.503 Y122.028 E50.13121
G0 F7200 X116.937 Y122.028
G1 F1200 X111.02 Y116.111 E50.27315
G0 F7200 X111.02 Y116.676
G1 F1200 X116.372 Y122.028 E50.40154
G0 F7200 X115.806 Y122.028
G1 F1200 X111.02 Y117.242 E50.51635
G0 F7200 X111.02 Y117.808
G1 F1200 X115.24 Y122.028 E50.61758
G0 F7200 X114.675 Y122.028
G1 F1200 X111.02 Y118.373 E50.70526
G0 F7200 X111.02 Y118.939
G1 F1200 X114.109 Y122.028 E50.77936
G0 F7200 X113.543 Y122.028
G1 F1200 X111.02 Y119.505 E50.83989
G0 F7200 X111.02 Y120.07
G1 F1200 X112.977 Y122.028 E50.88684
G0 F7200 X112.412 Y122.028
G1 F1200 X111.02 Y120.636 E50.92024
G0 F7200 X111.02 Y121.202
G1 F1200 X111.846 Y122.028 E50.94005
G0 F7200 X111.28 Y122.028
G1 F1200 X111.02 Y121.768 E50.94629
;MESH:NONMESH
G0 F300 X111.02 Y121.768 Z0.6
G0 F7200 X110.6 Y121.768
G0 X110.5 Y114.45
;TIME_ELAPSED:168.986341
;LAYER:5
;TYPE:WALL-INNER
;MESH:shim_v6.stl
G1 F1500 X110.5 Y122.55 E51.08099
G1 X118.5 Y122.55 E51.21403
G1 X118.5 Y114.45 E51.34874
G1 X110.5 Y114.45 E51.48178
G0 F7200 X110.1 Y114.2
G1 F1500 X110.1 Y122.8 E51.6248
G1 X110.25 Y122.95 E51.62832
G1 X118.75 Y122.95 E51.76968
G1 X118.9 Y122.8 E51.77321
G1 X118.9 Y114.2 E51.91623
G1 X118.75 Y114.05 E51.91975
G1 X110.25 Y114.05 E52.06111
G1 X110.1 Y114.2 E52.06464
G0 F7200 X109.7 Y114.034
;TYPE:WALL-OUTER
G1 F1500 X109.7 Y122.966 E52.21318
G1 X110.084 Y123.35 E52.22221
G1 X118.916 Y123.35 E52.36908
G1 X119.3 Y122.966 E52.37812
G1 X119.3 Y114.034 E52.52666
G1 X118.916 Y113.65 E52.53569
G1 X110.084 Y113.65 E52.68256
G1 X109.7 Y114.034 E52.69159
G0 F7200 X110.392 Y114.32
G0 X110.6 Y114.77
G0 X110.82 Y114.77
;TYPE:SKIN
G1 F1200 X110.82 Y122.23 E52.81814
G1 X118.18 Y122.23 E52.94298
G1 X118.18 Y114.77 E53.06952
G1 X110.82 Y114.77 E53.19437
G0 F7200 X111.304 Y114.969
G1 F1200 X111.02 Y115.254 E53.20119
G0 F7200 X111.02 Y115.819
G1 F1200 X111.869 Y114.969 E53.22157
G0 F7200 X112.435 Y114.969
G1 F1200 X111.02 Y116.385 E53.25553
G0 F7200 X111.02 Y116.951
G1 F1200 X113.001 Y114.969 E53.30306
G0 F7200 X113.567 Y114.969
G1 F1200 X111.02 Y117.516 E53.36416
G0 F7200 X111.02 Y118.082
G1 F1200 X114.132 Y114.969 E53.43883
G0 F7200 X114.698 Y114.969
G1 F1200 X111.02 Y118.648 E53.52707
G0 F7200 X111.02 Y119.213
G1 F1200 X115.264 Y114.969 E53.62888
G0 F7200 X115.829 Y114.969
G1 F1200 X111.02 Y119.779 E53.74425
G0 F7200 X111.02 Y120.345
G1 F1200 X116.395 Y114.969 E53.8732
G0 F7200 X116.961 Y114.969
G1 F1200 X111.02 Y120.911 E54.01573
G0 F7200 X111.02 Y121.476
G1 F1200 X117.526 Y114.969 E54.17182
G0 F7200 X117.979 Y115.083
G1 F1200 X111.032 Y122.029 E54.33846
G0 F7200 X111.598 Y122.029
G1 F1200 X117.979 Y115.648 E54.49153
G0 F7200 X117.979 Y116.214
G1 F1200 X112.164 Y122.029 E54.63102
G0 F7200 X112.729 Y122.029
G1 F1200 X117.979 Y116.78 E54.75695
G0 F7200 X117.979 Y117.345
G1 F1200 X113.295 Y122.029 E54.86932
G0 F7200 X113.861 Y122.029
G1 F1200 X117.979 Y117.911 E54.9681
G0 F7200 X117.979 Y118.477
G1 F1200 X114.426 Y122.029 E55.05332
G0 F7200 X114.992 Y122.029
G1 F1200 X117.979 Y119.042 E55.12498
G0 F7200 X117.979 Y119.608
G1 F1200 X115.558 Y122.029 E55.18305
G0 F7200 X116.123 Y122.029
G1 F1200 X117.979 Y120.174 E55.22757
G0 F7200 X117.979 Y120.739
G1 F1200 X116.689 Y122.029 E55.25851
G0 F7200 X117.255 Y122.029
G1 F1200 X117.979 Y121.305 E55.27588
G0 F7200 X117.979 Y121.871
G1 F1200 X117.82 Y122.029 E55.27968
;MESH:NONMESH
G0 F300 X117.82 Y122.029 Z0.7
G0 F7200 X117.82 Y122.45
G0 X110.672 Y122.378
G0 X110.5 Y114.45
;TIME_ELAPSED:183.685339
;LAYER:6
;TYPE:WALL-INNER
;MESH:shim_v6.stl
G1 F1500 X110.5 Y122.55 E55.41438
G1 X118.5 Y122.55 E55.54743
G1 X118.5 Y114.45 E55.68213
G1 X110.5 Y114.45 E55.81517
G0 F7200 X110.1 Y114.2
G1 F1500 X110.1 Y122.8 E55.95819
G1 X110.25 Y122.95 E55.96172
G1 X118.75 Y122.95 E56.10307
G1 X118.9 Y122.8 E56.1066
G1 X118.9 Y114.2 E56.24962
G1 X118.75 Y114.05 E56.25315
G1 X110.25 Y114.05 E56.3945
G1 X110.1 Y114.2 E56.39803
G0 F7200 X109.7 Y114.034
;TYPE:WALL-OUTER
G1 F1500 X109.7 Y122.966 E56.54657
G1 X110.084 Y123.35 E56.5556
G1 X118.916 Y123.35 E56.70248
G1 X119.3 Y122.966 E56.71151
G1 X119.3 Y114.034 E56.86005
G1 X118.916 Y113.65 E56.86908
G1 X110.084 Y113.65 E57.01596
G1 X109.7 Y114.034 E57.02499
G0 F7200 X110.392 Y114.32
G0 X110.6 Y114.77
G0 X110.82 Y114.77
;TYPE:SKIN
G1 F1200 X110.82 Y122.23 E57.15153
G1 X118.18 Y122.23 E57.27637
G1 X118.18 Y114.77 E57.40291
G1 X110.82 Y114.77 E57.52776
G0 F7200 X110.6 Y114.77
G0 X118.328 Y114.622
G0 X118.4 Y115.151
G0 X117.98 Y115.151
G1 F1200 X117.798 Y114.969 E57.53213
G0 F7200 X117.232 Y114.969
G1 F1200 X117.98 Y115.717 E57.55007
G0 F7200 X117.98 Y116.283
G1 F1200 X116.666 Y114.969 E57.58159
G0 F7200 X116.101 Y114.969
G1 F1200 X117.98 Y116.848 E57.62667
G0 F7200 X117.98 Y117.414
G1 F1200 X115.535 Y114.969 E57.68532
G0 F7200 X114.969 Y114.969
G1 F1200 X117.98 Y117.98 E57.75755
G0 F7200 X117.98 Y118.545
G1 F1200 X114.404 Y114.969 E57.84333
G0 F7200 X113.838 Y114.969
G1 F1200 X117.98 Y119.111 E57.94269
G0 F7200 X117.98 Y119.677
G1 F1200 X113.272 Y114.969 E58.05563
G0 F7200 X112.707 Y114.969
G1 F1200 X117.98 Y120.242 E58.18213
G0 F7200 X117.98 Y120.808
G1 F1200 X112.141 Y114.969 E58.3222
G0 F7200 X111.575 Y114.969
G1 F1200 X117.98 Y121.374 E58.47585
G0 F7200 X117.98 Y121.939
G1 F1200 X111.02 Y114.979 E58.64281
G0 F7200 X111.02 Y115.545
G1 F1200 X117.503 Y122.028 E58.79833
G0 F7200 X116.937 Y122.028
G1 F1200 X111.02 Y116.111 E58.94027
G0 F7200 X111.02 Y116.676
G1 F1200 X116.372 Y122.028 E59.06866
G0 F7200 X115.806 Y122.028
G1 F1200 X111.02 Y117.242 E59.18347
G0 F7200 X111.02 Y117.808
G1 F1200 X115.24 Y122.028 E59.2847
G0 F7200 X114.675 Y122.028
G1 F1200 X111.02 Y118.373 E59.37238
G0 F7200 X111.02 Y118.939
G1 F1200 X114.109 Y122.028 E59.44648
G0 F7200 X113.543 Y122.028
G1 F1200 X111.02 Y119.505 E59.50701
G0 F7200 X111.02 Y120.07
G1 F1200 X112.977 Y122.028 E59.55396
G0 F7200 X112.412 Y122.028
G1 F1200 X111.02 Y120.636 E59.58736
G0 F7200 X111.02 Y121.202
G1 F1200 X111.846 Y122.028 E59.60717
G0 F7200 X111.28 Y122.028
G1 F1200 X111.02 Y121.768 E59.61341
;MESH:NONMESH
G0 F300 X111.02 Y121.768 Z0.8
G0 F7200 X110.6 Y121.768
G0 X110.5 Y114.45
;TIME_ELAPSED:198.451351
;LAYER:7
;TYPE:WALL-INNER
;MESH:shim_v6.stl
G1 F1500 X110.5 Y122.55 E59.74811
G1 X118.5 Y122.55 E59.88115
G1 X118.5 Y114.45 E60.01586
G1 X110.5 Y114.45 E60.1489
G0 F7200 X110.1 Y114.2
G1 F1500 X110.1 Y122.8 E60.29192
G1 X110.25 Y122.95 E60.29544
G1 X118.75 Y122.95 E60.4368
G1 X118.9 Y122.8 E60.44033
G1 X118.9 Y114.2 E60.58335
G1 X118.75 Y114.05 E60.58687
G1 X110.25 Y114.05 E60.72823
G1 X110.1 Y114.2 E60.73176
G0 F7200 X109.7 Y114.034
;TYPE:WALL-OUTER
G1 F1500 X109.7 Y122.966 E60.8803
G1 X110.084 Y123.35 E60.88933
G1 X118.916 Y123.35 E61.0362
G1 X119.3 Y122.966 E61.04524
G1 X119.3 Y114.034 E61.19378
G1 X118.916 Y113.65 E61.20281
G1 X110.084 Y113.65 E61.34968
G1 X109.7 Y114.034 E61.35871
G0 F7200 X110.392 Y114.32
G0 X110.6 Y114.77
G0 X110.82 Y114.77
;TYPE:SKIN
G1 F1200 X110.82 Y122.23 E61.48526
G1 X118.18 Y122.23 E61.6101
G1 X118.18 Y114.77 E61.73664
G1 X110.82 Y114.77 E61.86149
G0 F7200 X111.304 Y114.969
G1 F1200 X111.02 Y115.254 E61.86831
G0 F7200 X111.02 Y115.819
G1 F1200 X111.869 Y114.969 E61.88869
G0 F7200 X112.435 Y114.969
G1 F1200 X111.02 Y116.385 E61.92265
G0 F7200 X111.02 Y116.951
G1 F1200 X113.001 Y114.969 E61.97018
G0 F7200 X113.567 Y114.969
G1 F1200 X111.02 Y117.516 E62.03128
G0 F7200 X111.02 Y118.082
G1 F1200 X114.132 Y114.969 E62.10595
G0 F7200 X114.698 Y114.969
G1 F1200 X111.02 Y118.648 E62.19419
G0 F7200 X111.02 Y119.213
G1 F1200 X115.264 Y114.969 E62.296
G0 F7200 X115.829 Y114.969
G1 F1200 X111.02 Y119.779 E62.41137
G0 F7200 X111.02 Y120.345
G1 F1200 X116.395 Y114.969 E62.54032
G0 F7200 X116.961 Y114.969
G1 F1200 X111.02 Y120.911 E62.68285
G0 F7200 X111.02 Y121.476
G1 F1200 X117.526 Y114.969 E62.83894
G0 F7200 X117.979 Y115.083
G1 F1200 X111.032 Y122.029 E63.00558
G0 F7200 X111.598 Y122.029
G1 F1200 X117.979 Y115.648 E63.15865
G0 F7200 X117.979 Y116.214
G1 F1200 X112.164 Y122.029 E63.29814
G0 F7200 X112.729 Y122.029
G1 F1200 X117.979 Y116.78 E63.42407
G0 F7200 X117.979 Y117.345
G1 F1200 X113.295 Y122.029 E63.53644
G0 F7200 X113.861 Y122.029
G1 F1200 X117.979 Y117.911 E63.63522
G0 F7200 X117.979 Y118.477
G1 F1200 X114.426 Y122.029 E63.72044
G0 F7200 X114.992 Y122.029
G1 F1200 X117.979 Y119.042 E63.7921
G0 F7200 X117.979 Y119.608
G1 F1200 X115.558 Y122.029 E63.85017
G0 F7200 X116.123 Y122.029
G1 F1200 X117.979 Y120.174 E63.89469
G0 F7200 X117.979 Y120.739
G1 F1200 X116.689 Y122.029 E63.92563
G0 F7200 X117.255 Y122.029
G1 F1200 X117.979 Y121.305 E63.943
G0 F7200 X117.979 Y121.871
G1 F1200 X117.82 Y122.029 E63.9468
;MESH:NONMESH
G0 F300 X117.82 Y122.029 Z0.9
G0 F7200 X117.82 Y122.45
G0 X110.672 Y122.378
G0 X110.5 Y114.45
;TIME_ELAPSED:213.150349
;LAYER:8
;TYPE:WALL-INNER
;MESH:shim_v6.stl
G1 F1500 X110.5 Y122.55 E64.0815
G1 X118.5 Y122.55 E64.21455
G1 X118.5 Y114.45 E64.34925
G1 X110.5 Y114.45 E64.48229
G0 F7200 X110.1 Y114.2
G1 F1500 X110.1 Y122.8 E64.62531
G1 X110.25 Y122.95 E64.62884
G1 X118.75 Y122.95 E64.77019
G1 X118.9 Y122.8 E64.77372
G1 X118.9 Y114.2 E64.91674
G1 X118.75 Y114.05 E64.92027
G1 X110.25 Y114.05 E65.06162
G1 X110.1 Y114.2 E65.06515
G0 F7200 X109.7 Y114.034
;TYPE:WALL-OUTER
G1 F1500 X109.7 Y122.966 E65.21369
G1 X110.084 Y123.35 E65.22272
G1 X118.916 Y123.35 E65.3696
G1 X119.3 Y122.966 E65.37863
G1 X119.3 Y114.034 E65.52717
G1 X118.916 Y113.65 E65.5362
G1 X110.084 Y113.65 E65.68308
G1 X109.7 Y114.034 E65.69211
G0 F7200 X110.392 Y114.32
G0 X110.6 Y114.77
G0 X110.82 Y114.77
;TYPE:SKIN
G1 F1200 X110.82 Y122.23 E65.81865
G1 X118.18 Y122.23 E65.94349
G1 X118.18 Y114.77 E66.07003
G1 X110.82 Y114.77 E66.19488
G0 F7200 X110.6 Y114.77
G0 X118.328 Y114.622
G0 X118.4 Y115.151
G0 X117.98 Y115.151
G1 F1200 X117.798 Y114.969 E66.19925
G0 F7200 X117.232 Y114.969
G1 F1200 X117.98 Y115.717 E66.21719
G0 F7200 X117.98 Y116.283
G1 F1200 X116.666 Y114.969 E66.24871
G0 F7200 X116.101 Y114.969
G1 F1200 X117.98 Y116.848 E66.29379
G0 F7200 X117.98 Y117.414
G1 F1200 X115.535 Y114.969 E66.35244
G0 F7200 X114.969 Y114.969
G1 F1200 X117.98 Y117.98 E66.42467
G0 F7200 X117.98 Y118.545
G1 F1200 X114.404 Y114.969 E66.51045
G0 F7200 X113.838 Y114.969
G1 F1200 X117.98 Y119.111 E66.60981
G0 F7200 X117.98 Y119.677
G1 F1200 X113.272 Y114.969 E66.72275
G0 F7200 X112.707 Y114.969
G1 F1200 X117.98 Y120.242 E66.84925
G0 F7200 X117.98 Y120.808
G1 F1200 X112.141 Y114.969 E66.98932
G0 F7200 X111.575 Y114.969
G1 F1200 X117.98 Y121.374 E67.14297
G0 F7200 X117.98 Y121.939
G1 F1200 X111.02 Y114.979 E67.30993
G0 F7200 X111.02 Y115.545
G1 F1200 X117.503 Y122.028 E67.46545
G0 F7200 X116.937 Y122.028
G1 F1200 X111.02 Y116.111 E67.60739
G0 F7200 X111.02 Y116.676
G1 F1200 X116.372 Y122.028 E67.73578
G0 F7200 X115.806 Y122.028
G1 F1200 X111.02 Y117.242 E67.85059
G0 F7200 X111.02 Y117.808
G1 F1200 X115.24 Y122.028 E67.95182
G0 F7200 X114.675 Y122.028
G1 F1200 X111.02 Y118.373 E68.0395
G0 F7200 X111.02 Y118.939
G1 F1200 X114.109 Y122.028 E68.1136
G0 F7200 X113.543 Y122.028
G1 F1200 X111.02 Y119.505 E68.17413
G0 F7200 X111.02 Y120.07
G1 F1200 X112.977 Y122.028 E68.22108
G0 F7200 X112.412 Y122.028
G1 F1200 X111.02 Y120.636 E68.25448
G0 F7200 X111.02 Y121.202
G1 F1200 X111.846 Y122.028 E68.27429
G0 F7200 X111.28 Y122.028
G1 F1200 X111.02 Y121.768 E68.28053
;MESH:NONMESH
G0 F300 X111.02 Y121.768 Z1
G0 F7200 X110.6 Y121.768
G0 X110.5 Y114.45
;TIME_ELAPSED:227.916360
;LAYER:9
;TYPE:WALL-INNER
;MESH:shim_v6.stl
G1 F1500 X110.5 Y122.55 E68.41523
G1 X118.5 Y122.55 E68.54827
G1 X118.5 Y114.45 E68.68298
G1 X110.5 Y114.45 E68.81602
G0 F7200 X110.1 Y114.2
G1 F1500 X110.1 Y122.8 E68.95904
G1 X110.25 Y122.95 E68.96256
G1 X118.75 Y122.95 E69.10392
G1 X118.9 Y122.8 E69.10745
G1 X118.9 Y114.2 E69.25047
G1 X118.75 Y114.05 E69.25399
G1 X110.25 Y114.05 E69.39535
G1 X110.1 Y114.2 E69.39888
G0 F7200 X109.7 Y114.034
;TYPE:WALL-OUTER
G1 F1500 X109.7 Y122.966 E69.54742
G1 X110.084 Y123.35 E69.55645
G1 X118.916 Y123.35 E69.70332
G1 X119.3 Y122.966 E69.71236
G1 X119.3 Y114.034 E69.8609
G1 X118.916 Y113.65 E69.86993
G1 X110.084 Y113.65 E70.0168
G1 X109.7 Y114.034 E70.02583
G0 F7200 X110.392 Y114.32
G0 X110.6 Y114.77
G0 X110.82 Y114.77
;TYPE:SKIN
G1 F1200 X110.82 Y118.55 E70.08995
G1 X110.82 Y122.23 E70.15238
G1 X118.18 Y122.23 E70.27722
G1 X118.18 Y114.77 E70.40376
G1 X110.82 Y114.77 E70.52861
G0 F7200 X111.304 Y114.969
G1 F1200 X111.02 Y115.254 E70.53543
G0 F7200 X111.02 Y115.819
G1 F1200 X111.869 Y114.969 E70.55581
G0 F7200 X112.435 Y114.969
G1 F1200 X111.02 Y116.385 E70.58977
G0 F7200 X111.02 Y116.951
G1 F1200 X113.001 Y114.969 E70.6373
G0 F7200 X113.567 Y114.969
G1 F1200 X111.02 Y117.516 E70.6984
G0 F7200 X111.02 Y118.082
G1 F1200 X114.132 Y114.969 E70.77307
G0 F7200 X114.698 Y114.969
G1 F1200 X111.02 Y118.648 E70.86131
G0 F7200 X111.02 Y119.213
G1 F1200 X115.264 Y114.969 E70.96312
G0 F7200 X115.829 Y114.969
G1 F1200 X111.02 Y119.779 E71.07849
G0 F7200 X111.02 Y120.345
G1 F1200 X116.395 Y114.969 E71.20744
G0 F7200 X116.961 Y114.969
G1 F1200 X111.02 Y120.911 E71.34997
G0 F7200 X111.02 Y121.476
G1 F1200 X117.526 Y114.969 E71.50606
G0 F7200 X117.979 Y115.083
G1 F1200 X111.032 Y122.029 E71.6727
G0 F7200 X111.598 Y122.029
G1 F1200 X117.979 Y115.648 E71.82577
G0 F7200 X117.979 Y116.214
G1 F1200 X112.164 Y122.029 E71.96526
G0 F7200 X112.729 Y122.029
G1 F1200 X117.979 Y116.78 E72.09119
G0 F7200 X117.979 Y117.345
G1 F1200 X113.295 Y122.029 E72.20356
G0 F7200 X113.861 Y122.029
G1 F1200 X117.979 Y117.911 E72.30234
G0 F7200 X117.979 Y118.477
G1 F1200 X114.426 Y122.029 E72.38756
G0 F7200 X114.992 Y122.029
G1 F1200 X117.979 Y119.042 E72.45922
G0 F7200 X117.979 Y119.608
G1 F1200 X115.558 Y122.029 E72.51729
G0 F7200 X116.123 Y122.029
G1 F1200 X117.979 Y120.174 E72.56181
G0 F7200 X117.979 Y120.739
G1 F1200 X116.689 Y122.029 E72.59275
G0 F7200 X117.255 Y122.029
G1 F1200 X117.979 Y121.305 E72.61012
G0 F7200 X117.979 Y121.871
G1 F1200 X117.82 Y122.029 E72.61392
;MESH:NONMESH
G0 F300 X117.82 Y122.029 Z1.1
G0 F7200 X117.82 Y122.45
G0 X110.672 Y122.378
G0 X110.5 Y114.45
;TIME_ELAPSED:242.615359
;LAYER:10
;TYPE:WALL-INNER
;MESH:shim_v6.stl
G1 F1500 X110.5 Y122.55 E72.74862
G1 X118.5 Y122.55 E72.88167
G1 X118.5 Y114.45 E73.01637
G1 X110.5 Y114.45 E73.14941
G0 F7200 X110.25 Y114.05
G1 F1500 X110.1 Y114.2 E73.15294
G1 X110.1 Y114.305 E73.15468
G1 X110.1 Y122.8 E73.29596
G1 X110.25 Y122.95 E73.29948
G1 X118.75 Y122.95 E73.44084
G1 X118.9 Y122.8 E73.44437
G1 X118.9 Y114.2 E73.58739
G1 X118.75 Y114.05 E73.59091
G1 X110.25 Y114.05 E73.73227
G0 F7200 X110.084 Y113.65
;TYPE:WALL-OUTER
G1 F1500 X109.7 Y114.034 E73.7413
G1 X109.7 Y114.305 E73.74581
G1 X109.7 Y122.966 E73.88984
G1 X110.084 Y123.35 E73.89887
G1 X118.916 Y123.35 E74.04575
G1 X119.3 Y122.966 E74.05478
G1 X119.3 Y114.034 E74.20332
G1 X118.916 Y113.65 E74.21235
G1 X110.084 Y113.65 E74.35923
G0 F7200 X110.37 Y114.342
G0 X110.6 Y114.77
G0 X110.82 Y114.77
;TYPE:SKIN
G1 F1200 X110.82 Y122.23 E74.48577
G1 X118.18 Y122.23 E74.61061
G1 X118.18 Y114.77 E74.73715
G1 X110.82 Y114.77 E74.862
G0 F7200 X110.6 Y114.77
G0 X118.328 Y114.622
G0 X118.4 Y115.151
G0 X117.98 Y115.151
G1 F1200 X117.798 Y114.969 E74.86637
G0 F7200 X117.232 Y114.969
G1 F1200 X117.98 Y115.717 E74.88431
G0 F7200 X117.98 Y116.283
G1 F1200 X116.666 Y114.969 E74.91583
G0 F7200 X116.101 Y114.969
G1 F1200 X117.98 Y116.848 E74.96091
G0 F7200 X117.98 Y117.414
G1 F1200 X115.535 Y114.969 E75.01956
G0 F7200 X114.969 Y114.969
G1 F1200 X117.98 Y117.98 E75.09179
G0 F7200 X117.98 Y118.545
G1 F1200 X114.404 Y114.969 E75.17757
G0 F7200 X113.838 Y114.969
G1 F1200 X117.98 Y119.111 E75.27693
G0 F7200 X117.98 Y119.677
G1 F1200 X113.272 Y114.969 E75.38987
G0 F7200 X112.707 Y114.969
G1 F1200 X117.98 Y120.242 E75.51637
G0 F7200 X117.98 Y120.808
G1 F1200 X112.141 Y114.969 E75.65644
G0 F7200 X111.575 Y114.969
G1 F1200 X117.98 Y121.374 E75.81009
G0 F7200 X117.98 Y121.939
G1 F1200 X111.02 Y114.979 E75.97705
G0 F7200 X111.02 Y115.545
G1 F1200 X117.503 Y122.028 E76.13257
G0 F7200 X116.937 Y122.028
G1 F1200 X111.02 Y116.111 E76.27451
G0 F7200 X111.02 Y116.676
G1 F1200 X116.372 Y122.028 E76.4029
G0 F7200 X115.806 Y122.028
G1 F1200 X111.02 Y117.242 E76.51771
G0 F7200 X111.02 Y117.808
G1 F1200 X115.24 Y122.028 E76.61894
G0 F7200 X114.675 Y122.028
G1 F1200 X111.02 Y118.373 E76.70662
G0 F7200 X111.02 Y118.939
G1 F1200 X114.109 Y122.028 E76.78072
G0 F7200 X113.543 Y122.028
G1 F1200 X111.02 Y119.505 E76.84125
G0 F7200 X111.02 Y120.07
G1 F1200 X112.977 Y122.028 E76.8882
G0 F7200 X112.412 Y122.028
G1 F1200 X111.02 Y120.636 E76.9216
G0 F7200 X111.02 Y121.202
G1 F1200 X111.846 Y122.028 E76.94141
G0 F7200 X111.28 Y122.028
G1 F1200 X111.02 Y121.768 E76.94765
;MESH:NONMESH
G0 F300 X111.02 Y121.768 Z1.2
G0 F7200 X110.6 Y121.768
G0 X110.5 Y114.45
;TIME_ELAPSED:257.370076
;LAYER:11
;TYPE:WALL-INNER
;MESH:shim_v6.stl
G1 F1500 X110.5 Y122.55 E77.08235
G1 X118.5 Y122.55 E77.21539
G1 X118.5 Y114.45 E77.3501
G1 X110.5 Y114.45 E77.48314
G0 F7200 X110.1 Y114.2
G1 F1500 X110.1 Y122.8 E77.62616
G1 X110.25 Y122.95 E77.62968
G1 X118.75 Y122.95 E77.77104
G1 X118.9 Y122.8 E77.77457
G1 X118.9 Y114.2 E77.91759
G1 X118.75 Y114.05 E77.92111
G1 X110.25 Y114.05 E78.06247
G1 X110.1 Y114.2 E78.066
G0 F7200 X109.7 Y114.034
;TYPE:WALL-OUTER
G1 F1500 X109.7 Y122.966 E78.21454
G1 X110.084 Y123.35 E78.22357
G1 X118.916 Y123.35 E78.37044
G1 X119.3 Y122.966 E78.37948
G1 X119.3 Y114.034 E78.52802
G1 X118.916 Y113.65 E78.53705
G1 X110.084 Y113.65 E78.68392
G1 X109.7 Y114.034 E78.69295
G0 F7200 X110.392 Y114.32
G0 X110.6 Y114.77
G0 X110.82 Y114.77
;TYPE:SKIN
G1 F1200 X110.82 Y122.23 E78.8195
G1 X118.18 Y122.23 E78.94434
G1 X118.18 Y114.77 E79.07088
G1 X110.82 Y114.77 E79.19573
G0 F7200 X111.304 Y114.969
G1 F1200 X111.02 Y115.254 E79.20255
G0 F7200 X111.02 Y115.819
G1 F1200 X111.869 Y114.969 E79.22293
G0 F7200 X112.435 Y114.969
G1 F1200 X111.02 Y116.385 E79.25689
G0 F7200 X111.02 Y116.951
G1 F1200 X113.001 Y114.969 E79.30442
G0 F7200 X113.567 Y114.969
G1 F1200 X111.02 Y117.516 E79.36552
G0 F7200 X111.02 Y118.082
G1 F1200 X114.132 Y114.969 E79.44019
G0 F7200 X114.698 Y114.969
G1 F1200 X111.02 Y118.648 E79.52843
G0 F7200 X111.02 Y119.213
G1 F1200 X115.264 Y114.969 E79.63024
G0 F7200 X115.829 Y114.969
G1 F1200 X111.02 Y119.779 E79.74561
G0 F7200 X111.02 Y120.345
G1 F1200 X116.395 Y114.969 E79.87456
G0 F7200 X116.961 Y114.969
G1 F1200 X111.02 Y120.911 E80.01709
G0 F7200 X111.02 Y121.476
G1 F1200 X117.526 Y114.969 E80.17318
G0 F7200 X117.979 Y115.083
G1 F1200 X111.032 Y122.029 E80.33982
G0 F7200 X111.598 Y122.029
G1 F1200 X117.979 Y115.648 E80.49289
G0 F7200 X117.979 Y116.214
G1 F1200 X112.164 Y122.029 E80.63238
G0 F7200 X112.729 Y122.029
G1 F1200 X117.979 Y116.78 E80.75831
G0 F7200 X117.979 Y117.345
G1 F1200 X113.295 Y122.029 E80.87068
G0 F7200 X113.861 Y122.029
G1 F1200 X117.979 Y117.911 E80.96946
G0 F7200 X117.979 Y118.477
G1 F1200 X114.426 Y122.029 E81.05468
G0 F7200 X114.992 Y122.029
G1 F1200 X117.979 Y119.042 E81.12634
G0 F7200 X117.979 Y119.608
G1 F1200 X115.558 Y122.029 E81.18441
G0 F7200 X116.123 Y122.029
G1 F1200 X117.979 Y120.174 E81.22893
G0 F7200 X117.979 Y120.739
G1 F1200 X116.689 Y122.029 E81.25987
G0 F7200 X117.255 Y122.029
G1 F1200 X117.979 Y121.305 E81.27724
G0 F7200 X117.979 Y121.871
G1 F1200 X117.82 Y122.029 E81.28104
;MESH:NONMESH
G0 F300 X117.82 Y122.029 Z1.3
G0 F7200 X117.82 Y122.45
G0 X110.672 Y122.378
G0 X110.5 Y114.45
;TIME_ELAPSED:272.069074
;LAYER:12
;TYPE:WALL-INNER
;MESH:shim_v6.stl
G1 F1500 X110.5 Y122.55 E81.41574
G1 X118.5 Y122.55 E81.54879
G1 X118.5 Y114.45 E81.68349
G1 X110.5 Y114.45 E81.81653
G0 F7200 X110.1 Y114.2
G1 F1500 X110.1 Y122.8 E81.95955
G1 X110.25 Y122.95 E81.96308
G1 X118.75 Y122.95 E82.10443
G1 X118.9 Y122.8 E82.10796
G1 X118.9 Y114.2 E82.25098
G1 X118.75 Y114.05 E82.25451
G1 X110.25 Y114.05 E82.39586
G1 X110.1 Y114.2 E82.39939
G0 F7200 X109.7 Y114.034
;TYPE:WALL-OUTER
G1 F1500 X109.7 Y122.966 E82.54793
G1 X110.084 Y123.35 E82.55696
G1 X118.916 Y123.35 E82.70384
G1 X119.3 Y122.966 E82.71287
G1 X119.3 Y114.034 E82.86141
G1 X118.916 Y113.65 E82.87044
G1 X110.084 Y113.65 E83.01732
G1 X109.7 Y114.034 E83.02635
G0 F7200 X110.392 Y114.32
G0 X110.6 Y114.77
G0 X110.82 Y114.77
;TYPE:SKIN
G1 F1200 X110.82 Y118.45 E83.08877
G1 X110.82 Y122.23 E83.15289
G1 X118.18 Y122.23 E83.27773
G1 X118.18 Y114.77 E83.40427
G1 X110.82 Y114.77 E83.52912
G0 F7200 X110.6 Y114.77
G0 X118.328 Y114.622
G0 X118.4 Y115.151
G0 X117.98 Y115.151
G1 F1200 X117.798 Y114.969 E83.53349
G0 F7200 X117.232 Y114.969
G1 F1200 X117.98 Y115.717 E83.55143
G0 F7200 X117.98 Y116.283
G1 F1200 X116.666 Y114.969 E83.58295
G0 F7200 X116.101 Y114.969
G1 F1200 X117.98 Y116.848 E83.62803
G0 F7200 X117.98 Y117.414
G1 F1200 X115.535 Y114.969 E83.68668
G0 F7200 X114.969 Y114.969
G1 F1200 X117.98 Y117.98 E83.75891
G0 F7200 X117.98 Y118.545
G1 F1200 X114.404 Y114.969 E83.84469
G0 F7200 X113.838 Y114.969
G1 F1200 X117.98 Y119.111 E83.94405
G0 F7200 X117.98 Y119.677
G1 F1200 X113.272 Y114.969 E84.05699
G0 F7200 X112.707 Y114.969
G1 F1200 X117.98 Y120.242 E84.18349
G0 F7200 X117.98 Y120.808
G1 F1200 X112.141 Y114.969 E84.32356
G0 F7200 X111.575 Y114.969
G1 F1200 X117.98 Y121.374 E84.47721
G0 F7200 X117.98 Y121.939
G1 F1200 X111.02 Y114.979 E84.64417
G0 F7200 X111.02 Y115.545
G1 F1200 X117.503 Y122.028 E84.79969
G0 F7200 X116.937 Y122.028
G1 F1200 X111.02 Y116.111 E84.94163
G0 F7200 X111.02 Y116.676
G1 F1200 X116.372 Y122.028 E85.07002
G0 F7200 X115.806 Y122.028
G1 F1200 X111.02 Y117.242 E85.18483
G0 F7200 X111.02 Y117.808
G1 F1200 X115.24 Y122.028 E85.28606
G0 F7200 X114.675 Y122.028
G1 F1200 X111.02 Y118.373 E85.37374
G0 F7200 X111.02 Y118.939
G1 F1200 X114.109 Y122.028 E85.44784
G0 F7200 X113.543 Y122.028
G1 F1200 X111.02 Y119.505 E85.50837
G0 F7200 X111.02 Y120.07
G1 F1200 X112.977 Y122.028 E85.55532
G0 F7200 X112.412 Y122.028
G1 F1200 X111.02 Y120.636 E85.58872
G0 F7200 X111.02 Y121.202
G1 F1200 X111.846 Y122.028 E85.60853
G0 F7200 X111.28 Y122.028
G1 F1200 X111.02 Y121.768 E85.61477
;MESH:NONMESH
G0 F300 X111.02 Y121.768 Z1.4
G0 F7200 X110.6 Y121.768
G0 X110.5 Y114.45
;TIME_ELAPSED:286.835086
;LAYER:13
;TYPE:WALL-INNER
;MESH:shim_v6.stl
G1 F1500 X110.5 Y122.55 E85.74947
G1 X118.5 Y122.55 E85.88251
G1 X118.5 Y114.45 E86.01722
G1 X110.5 Y114.45 E86.15026
G0 F7200 X110.1 Y114.2
G1 F1500 X110.1 Y122.8 E86.29328
G1 X110.25 Y122.95 E86.2968
G1 X118.75 Y122.95 E86.43816
G1 X118.9 Y122.8 E86.44169
G1 X118.9 Y114.2 E86.58471
G1 X118.75 Y114.05 E86.58823
G1 X110.25 Y114.05 E86.72959
G1 X110.1 Y114.2 E86.73312
G0 F7200 X109.7 Y114.034
;TYPE:WALL-OUTER
G1 F1500 X109.7 Y122.966 E86.88166
G1 X110.084 Y123.35 E86.89069
G1 X118.916 Y123.35 E87.03756
G1 X119.3 Y122.966 E87.0466
G1 X119.3 Y114.034 E87.19514
G1 X118.916 Y113.65 E87.20417
G1 X110.084 Y113.65 E87.35104
G1 X109.7 Y114.034 E87.36007
G0 F7200 X110.392 Y114.32
G0 X110.6 Y114.77
G0 X110.82 Y114.77
;TYPE:SKIN
G1 F1200 X110.82 Y122.23 E87.48662
G1 X118.18 Y122.23 E87.61146
G1 X118.18 Y114.77 E87.738
G1 X110.82 Y114.77 E87.86285
G0 F7200 X111.304 Y114.969
G1 F1200 X111.02 Y115.254 E87.86967
G0 F7200 X111.02 Y115.819
G1 F1200 X111.869 Y114.969 E87.89005
G0 F7200 X112.435 Y114.969
G1 F1200 X111.02 Y116.385 E87.92401
G0 F7200 X111.02 Y116.951
G1 F1200 X113.001 Y114.969 E87.97154
G0 F7200 X113.567 Y114.969
G1 F1200 X111.02 Y117.516 E88.03264
G0 F7200 X111.02 Y118.082
G1 F1200 X114.132 Y114.969 E88.10731
G0 F7200 X114.698 Y114.969
G1 F1200 X111.02 Y118.648 E88.19555
G0 F7200 X111.02 Y119.213
G1 F1200 X115.264 Y114.969 E88.29736
G0 F7200 X115.829 Y114.969
G1 F1200 X111.02 Y119.779 E88.41273
G0 F7200 X111.02 Y120.345
G1 F1200 X116.395 Y114.969 E88.54168
G0 F7200 X116.961 Y114.969
G1 F1200 X111.02 Y120.911 E88.68421
G0 F7200 X111.02 Y121.476
G1 F1200 X117.526 Y114.969 E88.8403
G0 F7200 X117.979 Y115.083
G1 F1200 X111.032 Y122.029 E89.00694
G0 F7200 X111.598 Y122.029
G1 F1200 X117.979 Y115.648 E89.16001
G0 F7200 X117.979 Y116.214
G1 F1200 X112.164 Y122.029 E89.2995
G0 F7200 X112.729 Y122.029
G1 F1200 X117.979 Y116.78 E89.42543
G0 F7200 X117.979 Y117.345
G1 F1200 X113.295 Y122.029 E89.5378
G0 F7200 X113.861 Y122.029
G1 F1200 X117.979 Y117.911 E89.63658
G0 F7200 X117.979 Y118.477
G1 F1200 X114.426 Y122.029 E89.7218
G0 F7200 X114.992 Y122.029
G1 F1200 X117.979 Y119.042 E89.79346
G0 F7200 X117.979 Y119.608
G1 F1200 X115.558 Y122.029 E89.85153
G0 F7200 X116.123 Y122.029
G1 F1200 X117.979 Y120.174 E89.89605
G0 F7200 X117.979 Y120.739
G1 F1200 X116.689 Y122.029 E89.92699
G0 F7200 X117.255 Y122.029
G1 F1200 X117.979 Y121.305 E89.94436
G0 F7200 X117.979 Y121.871
G1 F1200 X117.82 Y122.029 E89.94816
;MESH:NONMESH
G0 F300 X117.82 Y122.029 Z1.5
G0 F7200 X117.82 Y122.45
G0 X110.672 Y122.378
G0 X110.5 Y114.45
;TIME_ELAPSED:301.534084
;LAYER:14
;TYPE:WALL-INNER
;MESH:shim_v6.stl
G1 F1500 X110.5 Y122.55 E90.08286
G1 X118.5 Y122.55 E90.21591
G1 X118.5 Y114.45 E90.35061
G1 X110.5 Y114.45 E90.48365
G0 F7200 X110.1 Y114.2
G1 F1500 X110.1 Y122.8 E90.62667
G1 X110.25 Y122.95 E90.6302
G1 X118.75 Y122.95 E90.77155
G1 X118.9 Y122.8 E90.77508
G1 X118.9 Y114.2 E90.9181
G1 X118.75 Y114.05 E90.92163
G1 X110.25 Y114.05 E91.06298
G1 X110.1 Y114.2 E91.06651
G0 F7200 X109.7 Y114.034
;TYPE:WALL-OUTER
G1 F1500 X109.7 Y122.966 E91.21505
G1 X110.084 Y123.35 E91.22408
G1 X118.916 Y123.35 E91.37096
G1 X119.3 Y122.966 E91.37999
G1 X119.3 Y114.034 E91.52853
G1 X118.916 Y113.65 E91.53756
G1 X110.084 Y113.65 E91.68444
G1 X109.7 Y114.034 E91.69347
G0 F7200 X110.392 Y114.32
G0 X110.6 Y114.77
G0 X110.82 Y114.77
;TYPE:SKIN
G1 F1200 X110.82 Y122.23 E91.82001
G1 X118.18 Y122.23 E91.94485
G1 X118.18 Y114.77 E92.07139
G1 X110.82 Y114.77 E92.19624
G0 F7200 X110.6 Y114.77
G0 X118.328 Y114.622
G0 X118.4 Y115.151
G0 X117.98 Y115.151
G1 F1200 X117.798 Y114.969 E92.20061
G0 F7200 X117.232 Y114.969
G1 F1200 X117.98 Y115.717 E92.21855
G0 F7200 X117.98 Y116.283
G1 F1200 X116.666 Y114.969 E92.25007
G0 F7200 X116.101 Y114.969
G1 F1200 X117.98 Y116.848 E92.29515
G0 F7200 X117.98 Y117.414
G1 F1200 X115.535 Y114.969 E92.3538
G0 F7200 X114.969 Y114.969
G1 F1200 X117.98 Y117.98 E92.42603
G0 F7200 X117.98 Y118.545
G1 F1200 X114.404 Y114.969 E92.51181
G0 F7200 X113.838 Y114.969
G1 F1200 X117.98 Y119.111 E92.61117
G0 F7200 X117.98 Y119.677
G1 F1200 X113.272 Y114.969 E92.72411
G0 F7200 X112.707 Y114.969
G1 F1200 X117.98 Y120.242 E92.85061
G0 F7200 X117.98 Y120.808
G1 F1200 X112.141 Y114.969 E92.99068
G0 F7200 X111.575 Y114.969
G1 F1200 X117.98 Y121.374 E93.14433
G0 F7200 X117.98 Y121.939
G1 F1200 X111.02 Y114.979 E93.31129
G0 F7200 X111.02 Y115.545
G1 F1200 X117.503 Y122.028 E93.46681
G0 F7200 X116.937 Y122.028
G1 F1200 X111.02 Y116.111 E93.60875
G0 F7200 X111.02 Y116.676
G1 F1200 X116.372 Y122.028 E93.73714
G0 F7200 X115.806 Y122.028
G1 F1200 X111.02 Y117.242 E93.85195
G0 F7200 X111.02 Y117.808
G1 F1200 X115.24 Y122.028 E93.95318
G0 F7200 X114.675 Y122.028
G1 F1200 X111.02 Y118.373 E94.04086
G0 F7200 X111.02 Y118.939
G1 F1200 X114.109 Y122.028 E94.11496
G0 F7200 X113.543 Y122.028
G1 F1200 X111.02 Y119.505 E94.17549
G0 F7200 X111.02 Y120.07
G1 F1200 X112.977 Y122.028 E94.22244
G0 F7200 X112.412 Y122.028
G1 F1200 X111.02 Y120.636 E94.25584
G0 F7200 X111.02 Y121.202
G1 F1200 X111.846 Y122.028 E94.27565
G0 F7200 X111.28 Y122.028
G1 F1200 X111.02 Y121.768 E94.28189
;MESH:NONMESH
G0 F300 X111.02 Y121.768 Z1.6
G0 F7200 X110.6 Y121.768
G0 X110.5 Y114.45
;TIME_ELAPSED:316.300095
;LAYER:15
;TYPE:WALL-INNER
;MESH:shim_v6.stl
G1 F1500 X110.5 Y122.55 E94.41659
G1 X118.5 Y122.55 E94.54963
G1 X118.5 Y114.45 E94.68434
G1 X110.5 Y114.45 E94.81738
G0 F7200 X110.1 Y114.2
G1 F1500 X110.1 Y122.8 E94.9604
G1 X110.25 Y122.95 E94.96392
G1 X118.75 Y122.95 E95.10528
G1 X118.9 Y122.8 E95.10881
G1 X118.9 Y114.2 E95.25183
G1 X118.75 Y114.05 E95.25535
G1 X110.25 Y114.05 E95.39671
G1 X110.1 Y114.2 E95.40024
G0 F7200 X109.7 Y114.034
;TYPE:WALL-OUTER
G1 F1500 X109.7 Y122.966 E95.54878
G1 X110.084 Y123.35 E95.55781
G1 X118.916 Y123.35 E95.70468
G1 X119.3 Y122.966 E95.71372
G1 X119.3 Y114.034 E95.86226
G1 X118.916 Y113.65 E95.87129
G1 X110.084 Y113.65 E96.01816
G1 X109.7 Y114.034 E96.02719
G0 F7200 X110.392 Y114.32
G0 X110.6 Y114.77
G0 X110.82 Y114.77
;TYPE:SKIN
G1 F1200 X110.82 Y122.23 E96.15374
G1 X118.18 Y122.23 E96.27858
G1 X118.18 Y114.77 E96.40512
G1 X110.82 Y114.77 E96.52997
G0 F7200 X111.304 Y114.969
G1 F1200 X111.02 Y115.254 E96.53679
G0 F7200 X111.02 Y115.819
G1 F1200 X111.869 Y114.969 E96.55717
G0 F7200 X112.435 Y114.969
G1 F1200 X111.02 Y116.385 E96.59113
G0 F7200 X111.02 Y116.951
G1 F1200 X113.001 Y114.969 E96.63866
G0 F7200 X113.567 Y114.969
G1 F1200 X111.02 Y117.516 E96.69976
G0 F7200 X111.02 Y118.082
G1 F1200 X114.132 Y114.969 E96.77443
G0 F7200 X114.698 Y114.969
G1 F1200 X111.02 Y118.648 E96.86267
G0 F7200 X111.02 Y119.213
G1 F1200 X115.264 Y114.969 E96.96448
G0 F7200 X115.829 Y114.969
G1 F1200 X111.02 Y119.779 E97.07985
G0 F7200 X111.02 Y120.345
G1 F1200 X116.395 Y114.969 E97.2088
G0 F7200 X116.961 Y114.969
G1 F1200 X111.02 Y120.911 E97.35133
G0 F7200 X111.02 Y121.476
G1 F1200 X117.526 Y114.969 E97.50742
G0 F7200 X117.979 Y115.083
G1 F1200 X111.032 Y122.029 E97.67406
G0 F7200 X111.598 Y122.029
G1 F1200 X117.979 Y115.648 E97.82713
G0 F7200 X117.979 Y116.214
G1 F1200 X112.164 Y122.029 E97.96662
G0 F7200 X112.729 Y122.029
G1 F1200 X117.979 Y116.78 E98.09255
G0 F7200 X117.979 Y117.345
G1 F1200 X113.295 Y122.029 E98.20492
G0 F7200 X113.861 Y122.029
G1 F1200 X117.979 Y117.911 E98.3037
G0 F7200 X117.979 Y118.477
G1 F1200 X114.426 Y122.029 E98.38892
G0 F7200 X114.992 Y122.029
G1 F1200 X117.979 Y119.042 E98.46058
G0 F7200 X117.979 Y119.608
G1 F1200 X115.558 Y122.029 E98.51865
G0 F7200 X116.123 Y122.029
G1 F1200 X117.979 Y120.174 E98.56317
G0 F7200 X117.979 Y120.739
G1 F1200 X116.689 Y122.029 E98.59411
G0 F7200 X117.255 Y122.029
G1 F1200 X117.979 Y121.305 E98.61148
G0 F7200 X117.979 Y121.871
G1 F1200 X117.82 Y122.029 E98.61528
;MESH:NONMESH
G0 F300 X117.82 Y122.029 Z1.7
G0 F7200 X117.82 Y122.45
G0 X110.672 Y122.378
G0 X110.5 Y114.45
;TIME_ELAPSED:330.999094
;LAYER:16
;TYPE:WALL-INNER
;MESH:shim_v6.stl
G1 F1500 X110.5 Y122.55 E98.74998
G1 X118.5 Y122.55 E98.88303
G1 X118.5 Y114.45 E99.01773
G1 X110.5 Y114.45 E99.15077
G0 F7200 X110.1 Y114.2
G1 F1500 X110.1 Y122.8 E99.29379
G1 X110.25 Y122.95 E99.29732
G1 X118.75 Y122.95 E99.43867
G1 X118.9 Y122.8 E99.4422
G1 X118.9 Y114.2 E99.58522
G1 X118.75 Y114.05 E99.58875
G1 X110.25 Y114.05 E99.7301
G1 X110.1 Y114.2 E99.73363
G0 F7200 X109.7 Y114.034
;TYPE:WALL-OUTER
G1 F1500 X109.7 Y122.966 E99.88217
G1 X110.084 Y123.35 E99.8912
G1 X118.916 Y123.35 E100.03808
G1 X119.3 Y122.966 E100.04711
G1 X119.3 Y114.034 E100.19565
G1 X118.916 Y113.65 E100.20468
G1 X110.084 Y113.65 E100.35156
G1 X109.7 Y114.034 E100.36059
G0 F7200 X110.392 Y114.32
G0 X110.6 Y114.77
G0 X110.82 Y114.77
;TYPE:SKIN
G1 F1200 X110.82 Y122.23 E100.48713
G1 X118.18 Y122.23 E100.61197
G1 X118.18 Y114.77 E100.73851
G1 X110.82 Y114.77 E100.86336
G0 F7200 X110.6 Y114.77
G0 X118.328 Y114.622
G0 X118.4 Y115.151
G0 X117.98 Y115.151
G1 F1200 X117.798 Y114.969 E100.86773
G0 F7200 X117.232 Y114.969
G1 F1200 X117.98 Y115.717 E100.88567
G0 F7200 X117.98 Y116.283
G1 F1200 X116.666 Y114.969 E100.91719
G0 F7200 X116.101 Y114.969
G1 F1200 X117.98 Y116.848 E100.96227
G0 F7200 X117.98 Y117.414
G1 F1200 X115.535 Y114.969 E101.02092
G0 F7200 X114.969 Y114.969
G1 F1200 X117.98 Y117.98 E101.09315
G0 F7200 X117.98 Y118.545
G1 F1200 X114.404 Y114.969 E101.17893
G0 F7200 X113.838 Y114.969
G1 F1200 X117.98 Y119.111 E101.27829
G0 F7200 X117.98 Y119.677
G1 F1200 X113.272 Y114.969 E101.39123
G0 F7200 X112.707 Y114.969
G1 F1200 X117.98 Y120.242 E101.51773
G0 F7200 X117.98 Y120.808
G1 F1200 X112.141 Y114.969 E101.6578
G0 F7200 X111.575 Y114.969
G1 F1200 X117.98 Y121.374 E101.81145
G0 F7200 X117.98 Y121.939
G1 F1200 X111.02 Y114.979 E101.97841
G0 F7200 X111.02 Y115.545
G1 F1200 X117.503 Y122.028 E102.13393
G0 F7200 X116.937 Y122.028
G1 F1200 X111.02 Y116.111 E102.27587
G0 F7200 X111.02 Y116.676
G1 F1200 X116.372 Y122.028 E102.40426
G0 F7200 X115.806 Y122.028
G1 F1200 X111.02 Y117.242 E102.51907
G0 F7200 X111.02 Y117.808
G1 F1200 X115.24 Y122.028 E102.6203
G0 F7200 X114.675 Y122.028
G1 F1200 X111.02 Y118.373 E102.70798
G0 F7200 X111.02 Y118.939
G1 F1200 X114.109 Y122.028 E102.78208
G0 F7200 X113.543 Y122.028
G1 F1200 X111.02 Y119.505 E102.84261
G0 F7200 X111.02 Y120.07
G1 F1200 X112.977 Y122.028 E102.88956
G0 F7200 X112.412 Y122.028
G1 F1200 X111.02 Y120.636 E102.92296
G0 F7200 X111.02 Y121.202
G1 F1200 X111.846 Y122.028 E102.94277
G0 F7200 X111.28 Y122.028
G1 F1200 X111.02 Y121.768 E102.94901
;MESH:NONMESH
G0 F300 X111.02 Y121.768 Z1.8
G0 F7200 X110.6 Y121.768
G0 X110.5 Y114.45
;TIME_ELAPSED:345.765105
;LAYER:17
;TYPE:WALL-INNER
;MESH:shim_v6.stl
G1 F1500 X110.5 Y122.55 E103.08371
G1 X118.5 Y122.55 E103.21675
G1 X118.5 Y114.45 E103.35146
G1 X110.5 Y114.45 E103.4845
G0 F7200 X110.1 Y114.2
G1 F1500 X110.1 Y122.8 E103.62752
G1 X110.25 Y122.95 E103.63104
G1 X118.75 Y122.95 E103.7724
G1 X118.9 Y122.8 E103.77593
G1 X118.9 Y114.2 E103.91895
G1 X118.75 Y114.05 E103.92247
G1 X110.25 Y114.05 E104.06383
G1 X110.1 Y114.2 E104.06736
G0 F7200 X109.7 Y114.034
;TYPE:WALL-OUTER
G1 F1500 X109.7 Y122.966 E104.2159
G1 X110.084 Y123.35 E104.22493
G1 X118.916 Y123.35 E104.3718
G1 X119.3 Y122.966 E104.38084
G1 X119.3 Y114.034 E104.52938
G1 X118.916 Y113.65 E104.53841
G1 X110.084 Y113.65 E104.68528
G1 X109.7 Y114.034 E104.69431
G0 F7200 X110.392 Y114.32
G0 X110.6 Y114.77
G0 X110.82 Y114.77
;TYPE:SKIN
G1 F1200 X110.82 Y122.23 E104.82086
G1 X118.18 Y122.23 E104.9457
G1 X118.18 Y114.77 E105.07224
G1 X110.82 Y114.77 E105.19709
G0 F7200 X111.304 Y114.969
G1 F1200 X111.02 Y115.254 E105.20391
G0 F7200 X111.02 Y115.819
G1 F1200 X111.869 Y114.969 E105.22429
G0 F7200 X112.435 Y114.969
G1 F1200 X111.02 Y116.385 E105.25825
G0 F7200 X111.02 Y116.951
G1 F1200 X113.001 Y114.969 E105.30578
G0 F7200 X113.567 Y114.969
G1 F1200 X111.02 Y117.516 E105.36688
G0 F7200 X111.02 Y118.082
G1 F1200 X114.132 Y114.969 E105.44155
G0 F7200 X114.698 Y114.969
G1 F1200 X111.02 Y118.648 E105.52979
G0 F7200 X111.02 Y119.213
G1 F1200 X115.264 Y114.969 E105.6316
G0 F7200 X115.829 Y114.969
G1 F1200 X111.02 Y119.779 E105.74697
G0 F7200 X111.02 Y120.345
G1 F1200 X116.395 Y114.969 E105.87592
G0 F7200 X116.961 Y114.969
G1 F1200 X111.02 Y120.911 E106.01845
G0 F7200 X111.02 Y121.476
G1 F1200 X117.526 Y114.969 E106.17454
G0 F7200 X117.979 Y115.083
G1 F1200 X111.032 Y122.029 E106.34118
G0 F7200 X111.598 Y122.029
G1 F1200 X117.979 Y115.648 E106.49425
G0 F7200 X117.979 Y116.214
G1 F1200 X112.164 Y122.029 E106.63374
G0 F7200 X112.729 Y122.029
G1 F1200 X117.979 Y116.78 E106.75967
G0 F7200 X117.979 Y117.345
G1 F1200 X113.295 Y122.029 E106.87204
G0 F7200 X113.861 Y122.029
G1 F1200 X117.979 Y117.911 E106.97082
G0 F7200 X117.979 Y118.477
G1 F1200 X114.426 Y122.029 E107.05604
G0 F7200 X114.992 Y122.029
G1 F1200 X117.979 Y119.042 E107.1277
G0 F7200 X117.979 Y119.608
G1 F1200 X115.558 Y122.029 E107.18577
G0 F7200 X116.123 Y122.029
G1 F1200 X117.979 Y120.174 E107.23029
G0 F7200 X117.979 Y120.739
G1 F1200 X116.689 Y122.029 E107.26123
G0 F7200 X117.255 Y122.029
G1 F1200 X117.979 Y121.305 E107.2786
G0 F7200 X117.979 Y121.871
G1 F1200 X117.82 Y122.029 E107.2824
;MESH:NONMESH
G0 F300 X117.82 Y122.029 Z1.9
G0 F7200 X117.82 Y122.45
G0 X110.672 Y122.378
G0 X110.5 Y114.45
;TIME_ELAPSED:360.464104
;LAYER:18
;TYPE:WALL-INNER
;MESH:shim_v6.stl
G1 F1500 X110.5 Y122.55 E107.4171
G1 X118.5 Y122.55 E107.55015
G1 X118.5 Y114.45 E107.68485
G1 X110.5 Y114.45 E107.81789
G0 F7200 X110.1 Y114.2
G1 F1500 X110.1 Y122.8 E107.96091
G1 X110.25 Y122.95 E107.96444
G1 X118.75 Y122.95 E108.10579
G1 X118.9 Y122.8 E108.10932
G1 X118.9 Y114.2 E108.25234
G1 X118.75 Y114.05 E108.25587
G1 X110.25 Y114.05 E108.39722
G1 X110.1 Y114.2 E108.40075
G0 F7200 X109.7 Y114.034
;TYPE:WALL-OUTER
G1 F1500 X109.7 Y122.966 E108.54929
G1 X110.084 Y123.35 E108.55832
G1 X118.916 Y123.35 E108.7052
G1 X119.3 Y122.966 E108.71423
G1 X119.3 Y114.034 E108.86277
G1 X118.916 Y113.65 E108.8718
G1 X110.084 Y113.65 E109.01868
G1 X109.7 Y114.034 E109.02771
G0 F7200 X110.392 Y114.32
G0 X110.6 Y114.77
G0 X110.82 Y114.77
;TYPE:SKIN
G1 F1200 X110.82 Y122.23 E109.15425
G1 X118.18 Y122.23 E109.27909
G1 X118.18 Y114.77 E109.40563
G1 X110.82 Y114.77 E109.53048
G0 F7200 X110.6 Y114.77
G0 X118.328 Y114.622
G0 X118.4 Y115.151
G0 X117.98 Y115.151
G1 F1200 X117.798 Y114.969 E109.53485
G0 F7200 X117.232 Y114.969
G1 F1200 X117.98 Y115.717 E109.55279
G0 F7200 X117.98 Y116.283
G1 F1200 X116.666 Y114.969 E109.58431
G0 F7200 X116.101 Y114.969
G1 F1200 X117.98 Y116.848 E109.62939
G0 F7200 X117.98 Y117.414
G1 F1200 X115.535 Y114.969 E109.68804
G0 F7200 X114.969 Y114.969
G1 F1200 X117.98 Y117.98 E109.76027
G0 F7200 X117.98 Y118.545
G1 F1200 X114.404 Y114.969 E109.84605
G0 F7200 X113.838 Y114.969
G1 F1200 X117.98 Y119.111 E109.94541
G0 F7200 X117.98 Y119.677
G1 F1200 X113.272 Y114.969 E110.05835
G0 F7200 X112.707 Y114.969
G1 F1200 X117.98 Y120.242 E110.18485
G0 F7200 X117.98 Y120.808
G1 F1200 X112.141 Y114.969 E110.32492
G0 F7200 X111.575 Y114.969
G1 F1200 X117.98 Y121.374 E110.47857
G0 F7200 X117.98 Y121.939
G1 F1200 X111.02 Y114.979 E110.64553
G0 F7200 X111.02 Y115.545
G1 F1200 X117.503 Y122.028 E110.80105
G0 F7200 X116.937 Y122.028
G1 F1200 X111.02 Y116.111 E110.94299
G0 F7200 X111.02 Y116.676
G1 F1200 X116.372 Y122.028 E111.07138
G0 F7200 X115.806 Y122.028
G1 F1200 X111.02 Y117.242 E111.18619
G0 F7200 X111.02 Y117.808
G1 F1200 X115.24 Y122.028 E111.28742
G0 F7200 X114.675 Y122.028
G1 F1200 X111.02 Y118.373 E111.3751
G0 F7200 X111.02 Y118.939
G1 F1200 X114.109 Y122.028 E111.4492
G0 F7200 X113.543 Y122.028
G1 F1200 X111.02 Y119.505 E111.50973
G0 F7200 X111.02 Y120.07
G1 F1200 X112.977 Y122.028 E111.55668
G0 F7200 X112.412 Y122.028
G1 F1200 X111.02 Y120.636 E111.59008
G0 F7200 X111.02 Y121.202
G1 F1200 X111.846 Y122.028 E111.60989
G0 F7200 X111.28 Y122.028
G1 F1200 X111.02 Y121.768 E111.61613
;MESH:NONMESH
G0 F300 X111.02 Y121.768 Z2
G0 F7200 X110.6 Y121.768
G0 X110.5 Y114.45
;TIME_ELAPSED:375.230115
;LAYER:19
;TYPE:WALL-INNER
;MESH:shim_v6.stl
G1 F1500 X110.5 Y122.55 E111.75083
G1 X118.5 Y122.55 E111.88387
G1 X118.5 Y114.45 E112.01858
G1 X110.5 Y114.45 E112.15162
G0 F7200 X110.1 Y114.2
G1 F1500 X110.1 Y122.8 E112.29464
G1 X110.25 Y122.95 E112.29816
G1 X118.75 Y122.95 E112.43952
G1 X118.9 Y122.8 E112.44305
G1 X118.9 Y114.2 E112.58607
G1 X118.75 Y114.05 E112.58959
G1 X110.25 Y114.05 E112.73095
G1 X110.1 Y114.2 E112.73448
G0 F7200 X109.7 Y114.034
;TYPE:WALL-OUTER
G1 F1500 X109.7 Y122.966 E112.88302
G1 X110.084 Y123.35 E112.89205
G1 X118.916 Y123.35 E113.03892
G1 X119.3 Y122.966 E113.04796
G1 X119.3 Y114.034 E113.1965
G1 X118.916 Y113.65 E113.20553
G1 X110.084 Y113.65 E113.3524
G1 X109.7 Y114.034 E113.36143
G0 F7200 X110.392 Y114.32
G0 X110.6 Y114.77
G0 X110.82 Y114.77
;TYPE:SKIN
G1 F1200 X110.82 Y122.23 E113.48798
G1 X118.18 Y122.23 E113.61282
G1 X118.18 Y114.77 E113.73936
G1 X110.82 Y114.77 E113.86421
G0 F7200 X111.304 Y114.969
G1 F1200 X111.02 Y115.254 E113.87103
G0 F7200 X111.02 Y115.819
G1 F1200 X111.869 Y114.969 E113.89141
G0 F7200 X112.435 Y114.969
G1 F1200 X111.02 Y116.385 E113.92537
G0 F7200 X111.02 Y116.951
G1 F1200 X113.001 Y114.969 E113.9729
G0 F7200 X113.567 Y114.969
G1 F1200 X111.02 Y117.516 E114.034
G0 F7200 X111.02 Y118.082
G1 F1200 X114.132 Y114.969 E114.10867
G0 F7200 X114.698 Y114.969
G1 F1200 X111.02 Y118.648 E114.19691
G0 F7200 X111.02 Y119.213
G1 F1200 X115.264 Y114.969 E114.29872
G0 F7200 X115.829 Y114.969
G1 F1200 X111.02 Y119.779 E114.41409
G0 F7200 X111.02 Y120.345
G1 F1200 X116.395 Y114.969 E114.54304
G0 F7200 X116.961 Y114.969
G1 F1200 X111.02 Y120.911 E114.68557
G0 F7200 X111.02 Y121.476
G1 F1200 X117.526 Y114.969 E114.84166
G0 F7200 X117.979 Y115.083
G1 F1200 X111.032 Y122.029 E115.0083
G0 F7200 X111.598 Y122.029
G1 F1200 X117.979 Y115.648 E115.16137
G0 F7200 X117.979 Y116.214
G1 F1200 X112.164 Y122.029 E115.30086
G0 F7200 X112.729 Y122.029
G1 F1200 X117.979 Y116.78 E115.42679
G0 F7200 X117.979 Y117.345
G1 F1200 X113.295 Y122.029 E115.53916
G0 F7200 X113.861 Y122.029
G1 F1200 X117.979 Y117.911 E115.63794
G0 F7200 X117.979 Y118.477
G1 F1200 X114.426 Y122.029 E115.72316
G0 F7200 X114.992 Y122.029
G1 F1200 X117.979 Y119.042 E115.79482
G0 F7200 X117.979 Y119.608
G1 F1200 X115.558 Y122.029 E115.85289
G0 F7200 X116.123 Y122.029
G1 F1200 X117.979 Y120.174 E115.89741
G0 F7200 X117.979 Y120.739
G1 F1200 X116.689 Y122.029 E115.92835
G0 F7200 X117.255 Y122.029
G1 F1200 X117.979 Y121.305 E115.94572
G0 F7200 X117.979 Y121.871
G1 F1200 X117.82 Y122.029 E115.94952
;MESH:NONMESH
G0 F300 X117.82 Y122.029 Z2.1
G0 F7200 X117.82 Y122.45
G0 X110.672 Y122.378
G0 X110.5 Y114.45
;TIME_ELAPSED:389.929114
;LAYER:20
;TYPE:WALL-INNER
;MESH:shim_v6.stl
G1 F1500 X110.5 Y122.55 E116.08422
G1 X118.5 Y122.55 E116.21727
G1 X118.5 Y114.45 E116.35197
G1 X110.5 Y114.45 E116.48501
G0 F7200 X110.25 Y114.05
G1 F1500 X110.1 Y114.2 E116.48854
G1 X110.1 Y114.305 E116.49028
G1 X110.1 Y122.8 E116.63156
G1 X110.25 Y122.95 E116.63508
G1 X118.75 Y122.95 E116.77644
G1 X118.9 Y122.8 E116.77997
G1 X118.9 Y114.2 E116.92299
G1 X118.75 Y114.05 E116.92651
G1 X110.25 Y114.05 E117.06787
G0 F7200 X110.084 Y113.65
;TYPE:WALL-OUTER
G1 F1500 X109.7 Y114.034 E117.0769
G1 X109.7 Y114.305 E117.08141
G1 X109.7 Y122.966 E117.22544
G1 X110.084 Y123.35 E117.23447
G1 X118.916 Y123.35 E117.38135
G1 X119.3 Y122.966 E117.39038
G1 X119.3 Y114.034 E117.53892
G1 X118.916 Y113.65 E117.54795
G1 X110.084 Y113.65 E117.69483
G0 F7200 X110.37 Y114.342
G0 X110.6 Y114.77
G0 X110.82 Y114.77
;TYPE:SKIN
G1 F1200 X110.82 Y122.23 E117.82137
G1 X118.18 Y122.23 E117.94621
G1 X118.18 Y114.77 E118.07275
G1 X110.82 Y114.77 E118.1976
G0 F7200 X110.6 Y114.77
G0 X118.328 Y114.622
G0 X118.4 Y115.151
G0 X117.98 Y115.151
G1 F1200 X117.798 Y114.969 E118.20197
G0 F7200 X117.232 Y114.969
G1 F1200 X117.98 Y115.717 E118.21991
G0 F7200 X117.98 Y116.283
G1 F1200 X116.666 Y114.969 E118.25143
G0 F7200 X116.101 Y114.969
G1 F1200 X117.98 Y116.848 E118.29651
G0 F7200 X117.98 Y117.414
G1 F1200 X115.535 Y114.969 E118.35516
G0 F7200 X114.969 Y114.969
G1 F1200 X117.98 Y117.98 E118.42739
G0 F7200 X117.98 Y118.545
G1 F1200 X114.404 Y114.969 E118.51317
G0 F7200 X113.838 Y114.969
G1 F1200 X117.98 Y119.111 E118.61253
G0 F7200 X117.98 Y119.677
G1 F1200 X113.272 Y114.969 E118.72547
G0 F7200 X112.707 Y114.969
G1 F1200 X117.98 Y120.242 E118.85197
G0 F7200 X117.98 Y120.808
G1 F1200 X112.141 Y114.969 E118.99204
G0 F7200 X111.575 Y114.969
G1 F1200 X117.98 Y121.374 E119.14569
G0 F7200 X117.98 Y121.939
G1 F1200 X111.02 Y114.979 E119.31265
G0 F7200 X111.02 Y115.545
G1 F1200 X117.503 Y122.028 E119.46817
G0 F7200 X116.937 Y122.028
G1 F1200 X111.02 Y116.111 E119.61011
G0 F7200 X111.02 Y116.676
G1 F1200 X116.372 Y122.028 E119.7385
G0 F7200 X115.806 Y122.028
G1 F1200 X111.02 Y117.242 E119.85331
G0 F7200 X111.02 Y117.808
G1 F1200 X115.24 Y122.028 E119.95454
G0 F7200 X114.675 Y122.028
G1 F1200 X111.02 Y118.373 E120.04222
G0 F7200 X111.02 Y118.939
G1 F1200 X114.109 Y122.028 E120.11632
G0 F7200 X113.543 Y122.028
G1 F1200 X111.02 Y119.505 E120.17685
G0 F7200 X111.02 Y120.07
G1 F1200 X112.977 Y122.028 E120.2238
G0 F7200 X112.412 Y122.028
G1 F1200 X111.02 Y120.636 E120.2572
G0 F7200 X111.02 Y121.202
G1 F1200 X111.846 Y122.028 E120.27701
G0 F7200 X111.28 Y122.028
G1 F1200 X111.02 Y121.768 E120.28325
;MESH:NONMESH
G0 F300 X111.02 Y121.768 Z2.2
G0 F7200 X110.6 Y121.768
G0 X110.5 Y114.45
;TIME_ELAPSED:404.683830
;LAYER:21
;TYPE:WALL-INNER
;MESH:shim_v6.stl
G1 F1500 X110.5 Y122.55 E120.41795
G1 X118.5 Y122.55 E120.55099
G1 X118.5 Y114.45 E120.6857
G1 X110.5 Y114.45 E120.81874
G0 F7200 X110.1 Y114.2
G1 F1500 X110.1 Y122.8 E120.96176
G1 X110.25 Y122.95 E120.96528
G1 X118.75 Y122.95 E121.10664
G1 X118.9 Y122.8 E121.11017
G1 X118.9 Y114.2 E121.25319
G1 X118.75 Y114.05 E121.25671
G1 X110.25 Y114.05 E121.39807
G1 X110.1 Y114.2 E121.4016
G0 F7200 X109.7 Y114.034
;TYPE:WALL-OUTER
G1 F1500 X109.7 Y122.966 E121.55014
G1 X110.084 Y123.35 E121.55917
G1 X118.916 Y123.35 E121.70604
G1 X119.3 Y122.966 E121.71508
G1 X119.3 Y114.034 E121.86362
G1 X118.916 Y113.65 E121.87265
G1 X110.084 Y113.65 E122.01952
G1 X109.7 Y114.034 E122.02855
G0 F7200 X110.392 Y114.32
G0 X110.6 Y114.77
G0 X110.82 Y114.77
;TYPE:SKIN
G1 F1200 X110.82 Y122.23 E122.1551
G1 X118.18 Y122.23 E122.27994
G1 X118.18 Y114.77 E122.40648
G1 X110.82 Y114.77 E122.53133
G0 F7200 X111.304 Y114.969
G1 F1200 X111.02 Y115.254 E122.53815
G0 F7200 X111.02 Y115.819
G1 F1200 X111.869 Y114.969 E122.55853
G0 F7200 X112.435 Y114.969
G1 F1200 X111.02 Y116.385 E122.59249
G0 F7200 X111.02 Y116.951
G1 F1200 X113.001 Y114.969 E122.64002
G0 F7200 X113.567 Y114.969
G1 F1200 X111.02 Y117.516 E122.70112
G0 F7200 X111.02 Y118.082
G1 F1200 X114.132 Y114.969 E122.77579
G0 F7200 X114.698 Y114.969
G1 F1200 X111.02 Y118.648 E122.86403
G0 F7200 X111.02 Y119.213
G1 F1200 X115.264 Y114.969 E122.96584
G0 F7200 X115.829 Y114.969
G1 F1200 X111.02 Y119.779 E123.08121
G0 F7200 X111.02 Y120.345
G1 F1200 X116.395 Y114.969 E123.21016
G0 F7200 X116.961 Y114.969
G1 F1200 X111.02 Y120.911 E123.35269
G0 F7200 X111.02 Y121.476
G1 F1200 X117.526 Y114.969 E123.50878
G0 F7200 X117.979 Y115.083
G1 F1200 X111.032 Y122.029 E123.67542
G0 F7200 X111.598 Y122.029
G1 F1200 X117.979 Y115.648 E123.82849
G0 F7200 X117.979 Y116.214
G1 F1200 X112.164 Y122.029 E123.96798
G0 F7200 X112.729 Y122.029
G1 F1200 X117.979 Y116.78 E124.09391
G0 F7200 X117.979 Y117.345
G1 F1200 X113.295 Y122.029 E124.20628
G0 F7200 X113.861 Y122.029
G1 F1200 X117.979 Y117.911 E124.30506
G0 F7200 X117.979 Y118.477
G1 F1200 X114.426 Y122.029 E124.39028
G0 F7200 X114.992 Y122.029
G1 F1200 X117.979 Y119.042 E124.46194
G0 F7200 X117.979 Y119.608
G1 F1200 X115.558 Y122.029 E124.52001
G0 F7200 X116.123 Y122.029
G1 F1200 X117.979 Y120.174 E124.56453
G0 F7200 X117.979 Y120.739
G1 F1200 X116.689 Y122.029 E124.59547
G0 F7200 X117.255 Y122.029
G1 F1200 X117.979 Y121.305 E124.61284
G0 F7200 X117.979 Y121.871
G1 F1200 X117.82 Y122.029 E124.61664
;MESH:NONMESH
G0 F300 X117.82 Y122.029 Z2.3
G0 F7200 X117.82 Y122.45
G0 X110.672 Y122.378
G0 X110.5 Y114.45
;TIME_ELAPSED:419.382829
;LAYER:22
;TYPE:WALL-INNER
;MESH:shim_v6.stl
G1 F1500 X110.5 Y122.55 E124.75134
G1 X118.5 Y122.55 E124.88439
G1 X118.5 Y114.45 E125.01909
G1 X110.5 Y114.45 E125.15213
G0 F7200 X110.1 Y114.2
G1 F1500 X110.1 Y122.8 E125.29515
G1 X110.25 Y122.95 E125.29868
G1 X118.75 Y122.95 E125.44003
G1 X118.9 Y122.8 E125.44356
G1 X118.9 Y114.2 E125.58658
G1 X118.75 Y114.05 E125.59011
G1 X110.25 Y114.05 E125.73146
G1 X110.1 Y114.2 E125.73499
G0 F7200 X109.7 Y114.034
;TYPE:WALL-OUTER
G1 F1500 X109.7 Y122.966 E125.88353
G1 X110.084 Y123.35 E125.89256
G1 X118.916 Y123.35 E126.03944
G1 X119.3 Y122.966 E126.04847
G1 X119.3 Y114.034 E126.19701
G1 X118.916 Y113.65 E126.20604
G1 X110.084 Y113.65 E126.35291
G1 X109.7 Y114.034 E126.36195
G0 F7200 X110.392 Y114.32
G0 X110.6 Y114.77
G0 X110.82 Y114.77
;TYPE:SKIN
G1 F1200 X110.82 Y122.23 E126.48849
G1 X118.18 Y122.23 E126.61333
G1 X118.18 Y114.77 E126.73987
G1 X110.82 Y114.77 E126.86472
G0 F7200 X110.6 Y114.77
G0 X118.328 Y114.622
G0 X118.4 Y115.151
G0 X117.98 Y115.151
G1 F1200 X117.798 Y114.969 E126.86909
G0 F7200 X117.232 Y114.969
G1 F1200 X117.98 Y115.717 E126.88703
G0 F7200 X117.98 Y116.283
G1 F1200 X116.666 Y114.969 E126.91855
G0 F7200 X116.101 Y114.969
G1 F1200 X117.98 Y116.848 E126.96363
G0 F7200 X117.98 Y117.414
G1 F1200 X115.535 Y114.969 E127.02228
G0 F7200 X114.969 Y114.969
G1 F1200 X117.98 Y117.98 E127.09451
G0 F7200 X117.98 Y118.545
G1 F1200 X114.404 Y114.969 E127.18029
G0 F7200 X113.838 Y114.969
G1 F1200 X117.98 Y119.111 E127.27965
G0 F7200 X117.98 Y119.677
G1 F1200 X113.272 Y114.969 E127.39259
G0 F7200 X112.707 Y114.969
G1 F1200 X117.98 Y120.242 E127.51909
G0 F7200 X117.98 Y120.808
G1 F1200 X112.141 Y114.969 E127.65916
G0 F7200 X111.575 Y114.969
G1 F1200 X117.98 Y121.374 E127.81281
G0 F7200 X117.98 Y121.939
G1 F1200 X111.02 Y114.979 E127.97977
G0 F7200 X111.02 Y115.545
G1 F1200 X117.503 Y122.028 E128.13529
G0 F7200 X116.937 Y122.028
G1 F1200 X111.02 Y116.111 E128.27723
G0 F7200 X111.02 Y116.676
G1 F1200 X116.372 Y122.028 E128.40562
G0 F7200 X115.806 Y122.028
G1 F1200 X111.02 Y117.242 E128.52043
G0 F7200 X111.02 Y117.808
G1 F1200 X115.24 Y122.028 E128.62166
G0 F7200 X114.675 Y122.028
G1 F1200 X111.02 Y118.373 E128.70934
G0 F7200 X111.02 Y118.939
G1 F1200 X114.109 Y122.028 E128.78344
G0 F7200 X113.543 Y122.028
G1 F1200 X111.02 Y119.505 E128.84397
G0 F7200 X111.02 Y120.07
G1 F1200 X112.977 Y122.028 E128.89092
G0 F7200 X112.412 Y122.028
G1 F1200 X111.02 Y120.636 E128.92432
G0 F7200 X111.02 Y121.202
G1 F1200 X111.846 Y122.028 E128.94413
G0 F7200 X111.28 Y122.028
G1 F1200 X111.02 Y121.768 E128.95037
;MESH:NONMESH
G0 F300 X111.02 Y121.768 Z2.4
G0 F7200 X110.6 Y121.768
G0 X110.5 Y114.45
;TIME_ELAPSED:434.148840
;LAYER:23
;TYPE:WALL-INNER
;MESH:shim_v6.stl
G1 F1500 X110.5 Y122.55 E129.08507
G1 X118.5 Y122.55 E129.21811
G1 X118.5 Y114.45 E129.35282
G1 X110.5 Y114.45 E129.48586
G0 F7200 X110.1 Y114.2
G1 F1500 X110.1 Y122.8 E129.62888
G1 X110.25 Y122.95 E129.6324
G1 X118.75 Y122.95 E129.77376
G1 X118.9 Y122.8 E129.77729
G1 X118.9 Y114.2 E129.92031
G1 X118.75 Y114.05 E129.92383
G1 X110.25 Y114.05 E130.06519
G1 X110.1 Y114.2 E130.06872
G0 F7200 X109.7 Y114.034
;TYPE:WALL-OUTER
G1 F1500 X109.7 Y122.966 E130.21726
G1 X110.084 Y123.35 E130.22629
G1 X118.916 Y123.35 E130.37316
G1 X119.3 Y122.966 E130.3822
G1 X119.3 Y114.034 E130.53073
G1 X118.916 Y113.65 E130.53977
G1 X110.084 Y113.65 E130.68664
G1 X109.7 Y114.034 E130.69567
G0 F7200 X110.392 Y114.32
G0 X110.6 Y114.77
G0 X110.82 Y114.77
;TYPE:SKIN
G1 F1200 X110.82 Y122.23 E130.82222
G1 X118.18 Y122.23 E130.94706
G1 X118.18 Y114.77 E131.0736
G1 X110.82 Y114.77 E131.19845
G0 F7200 X111.304 Y114.969
G1 F1200 X111.02 Y115.254 E131.20527
G0 F7200 X111.02 Y115.819
G1 F1200 X111.869 Y114.969 E131.22565
G0 F7200 X112.435 Y114.969
G1 F1200 X111.02 Y116.385 E131.25961
G0 F7200 X111.02 Y116.951
G1 F1200 X113.001 Y114.969 E131.30714
G0 F7200 X113.567 Y114.969
G1 F1200 X111.02 Y117.516 E131.36824
G0 F7200 X111.02 Y118.082
G1 F1200 X114.132 Y114.969 E131.44291
G0 F7200 X114.698 Y114.969
G1 F1200 X111.02 Y118.648 E131.53115
G0 F7200 X111.02 Y119.213
G1 F1200 X115.264 Y114.969 E131.63296
G0 F7200 X115.829 Y114.969
G1 F1200 X111.02 Y119.779 E131.74833
G0 F7200 X111.02 Y120.345
G1 F1200 X116.395 Y114.969 E131.87728
G0 F7200 X116.961 Y114.969
G1 F1200 X111.02 Y120.911 E132.01981
G0 F7200 X111.02 Y121.476
G1 F1200 X117.526 Y114.969 E132.1759
G0 F7200 X117.979 Y115.083
G1 F1200 X111.032 Y122.029 E132.34254
G0 F7200 X111.598 Y122.029
G1 F1200 X117.979 Y115.648 E132.49561
G0 F7200 X117.979 Y116.214
G1 F1200 X112.164 Y122.029 E132.6351
G0 F7200 X112.729 Y122.029
G1 F1200 X117.979 Y116.78 E132.76103
G0 F7200 X117.979 Y117.345
G1 F1200 X113.295 Y122.029 E132.8734
G0 F7200 X113.861 Y122.029
G1 F1200 X117.979 Y117.911 E132.97218
G0 F7200 X117.979 Y118.477
G1 F1200 X114.426 Y122.029 E133.0574
G0 F7200 X114.992 Y122.029
G1 F1200 X117.979 Y119.042 E133.12906
G0 F7200 X117.979 Y119.608
G1 F1200 X115.558 Y122.029 E133.18713
G0 F7200 X116.123 Y122.029
G1 F1200 X117.979 Y120.174 E133.23165
G0 F7200 X117.979 Y120.739
G1 F1200 X116.689 Y122.029 E133.26259
G0 F7200 X117.255 Y122.029
G1 F1200 X117.979 Y121.305 E133.27996
G0 F7200 X117.979 Y121.871
G1 F1200 X117.82 Y122.029 E133.28376
;MESH:NONMESH
G0 F300 X117.82 Y122.029 Z2.5
G0 F7200 X117.82 Y122.45
G0 X110.672 Y122.378
G0 X110.5 Y114.45
;TIME_ELAPSED:448.847839
;LAYER:24
;TYPE:WALL-INNER
;MESH:shim_v6.stl
G1 F1500 X110.5 Y122.55 E133.41846
G1 X118.5 Y122.55 E133.55151
G1 X118.5 Y114.45 E133.68621
G1 X110.5 Y114.45 E133.81925
G0 F7200 X110.1 Y114.2
G1 F1500 X110.1 Y122.8 E133.96227
G1 X110.25 Y122.95 E133.9658
G1 X118.75 Y122.95 E134.10715
G1 X118.9 Y122.8 E134.11068
G1 X118.9 Y114.2 E134.2537
G1 X118.75 Y114.05 E134.25723
G1 X110.25 Y114.05 E134.39858
G1 X110.1 Y114.2 E134.40211
G0 F7200 X109.7 Y114.034
;TYPE:WALL-OUTER
G1 F1500 X109.7 Y122.966 E134.55065
G1 X110.084 Y123.35 E134.55968
G1 X118.916 Y123.35 E134.70656
G1 X119.3 Y122.966 E134.71559
G1 X119.3 Y114.034 E134.86413
G1 X118.916 Y113.65 E134.87316
G1 X110.084 Y113.65 E135.02003
G1 X109.7 Y114.034 E135.02907
G0 F7200 X110.392 Y114.32
G0 X110.6 Y114.77
G0 X110.82 Y114.77
;TYPE:SKIN
G1 F1200 X110.82 Y122.23 E135.15561
G1 X118.18 Y122.23 E135.28045
G1 X118.18 Y114.77 E135.40699
G1 X110.82 Y114.77 E135.53184
G0 F7200 X110.6 Y114.77
G0 X118.328 Y114.622
G0 X118.4 Y115.151
G0 X117.98 Y115.151
G1 F1200 X117.798 Y114.969 E135.53621
G0 F7200 X117.232 Y114.969
G1 F1200 X117.98 Y115.717 E135.55415
G0 F7200 X117.98 Y116.283
G1 F1200 X116.666 Y114.969 E135.58567
G0 F7200 X116.101 Y114.969
G1 F1200 X117.98 Y116.848 E135.63075
G0 F7200 X117.98 Y117.414
G1 F1200 X115.535 Y114.969 E135.6894
G0 F7200 X114.969 Y114.969
G1 F1200 X117.98 Y117.98 E135.76163
G0 F7200 X117.98 Y118.545
G1 F1200 X114.404 Y114.969 E135.84741
G0 F7200 X113.838 Y114.969
G1 F1200 X117.98 Y119.111 E135.94677
G0 F7200 X117.98 Y119.677
G1 F1200 X113.272 Y114.969 E136.05971
G0 F7200 X112.707 Y114.969
G1 F1200 X117.98 Y120.242 E136.18621
G0 F7200 X117.98 Y120.808
G1 F1200 X112.141 Y114.969 E136.32628
G0 F7200 X111.575 Y114.969
G1 F1200 X117.98 Y121.374 E136.47993
G0 F7200 X117.98 Y121.939
G1 F1200 X111.02 Y114.979 E136.64689
G0 F7200 X111.02 Y115.545
G1 F1200 X117.503 Y122.028 E136.80241
G0 F7200 X116.937 Y122.028
G1 F1200 X111.02 Y116.111 E136.94435
G0 F7200 X111.02 Y116.676
G1 F1200 X116.372 Y122.028 E137.07274
G0 F7200 X115.806 Y122.028
G1 F1200 X111.02 Y117.242 E137.18755
G0 F7200 X111.02 Y117.808
G1 F1200 X115.24 Y122.028 E137.28878
G0 F7200 X114.675 Y122.028
G1 F1200 X111.02 Y118.373 E137.37646
G0 F7200 X111.02 Y118.939
G1 F1200 X114.109 Y122.028 E137.45056
G0 F7200 X113.543 Y122.028
G1 F1200 X111.02 Y119.505 E137.51109
G0 F7200 X111.02 Y120.07
G1 F1200 X112.977 Y122.028 E137.55804
G0 F7200 X112.412 Y122.028
G1 F1200 X111.02 Y120.636 E137.59144
G0 F7200 X111.02 Y121.202
G1 F1200 X111.846 Y122.028 E137.61125
G0 F7200 X111.28 Y122.028
G1 F1200 X111.02 Y121.768 E137.61749
;MESH:NONMESH
G0 F300 X111.02 Y121.768 Z2.6
G0 F7200 X110.6 Y121.768
G0 X110.5 Y114.45
;TIME_ELAPSED:463.613850
;LAYER:25
;TYPE:WALL-INNER
;MESH:shim_v6.stl
G1 F1500 X110.5 Y122.55 E137.75219
G1 X118.5 Y122.55 E137.88523
G1 X118.5 Y114.45 E138.01994
G1 X110.5 Y114.45 E138.15298
G0 F7200 X110.1 Y114.2
G1 F1500 X110.1 Y122.8 E138.296
G1 X110.25 Y122.95 E138.29952
G1 X118.75 Y122.95 E138.44088
G1 X118.9 Y122.8 E138.44441
G1 X118.9 Y114.2 E138.58743
G1 X118.75 Y114.05 E138.59095
G1 X110.25 Y114.05 E138.73231
G1 X110.1 Y114.2 E138.73584
G0 F7200 X109.7 Y114.034
;TYPE:WALL-OUTER
G1 F1500 X109.7 Y122.966 E138.88438
G1 X110.084 Y123.35 E138.89341
G1 X118.916 Y123.35 E139.04028
G1 X119.3 Y122.966 E139.04932
G1 X119.3 Y114.034 E139.19785
G1 X118.916 Y113.65 E139.20689
G1 X110.084 Y113.65 E139.35376
G1 X109.7 Y114.034 E139.36279
G0 F7200 X110.392 Y114.32
G0 X110.6 Y114.77
G0 X110.82 Y114.77
;TYPE:SKIN
G1 F1200 X110.82 Y118.45 E139.42522
G1 X110.82 Y122.23 E139.48934
G1 X118.18 Y122.23 E139.61418
G1 X118.18 Y114.77 E139.74072
G1 X110.82 Y114.77 E139.86557
G0 F7200 X111.304 Y114.969
G1 F1200 X111.02 Y115.254 E139.87239
G0 F7200 X111.02 Y115.819
G1 F1200 X111.869 Y114.969 E139.89277
G0 F7200 X112.435 Y114.969
G1 F1200 X111.02 Y116.385 E139.92673
G0 F7200 X111.02 Y116.951
G1 F1200 X113.001 Y114.969 E139.97426
G0 F7200 X113.567 Y114.969
G1 F1200 X111.02 Y117.516 E140.03536
G0 F7200 X111.02 Y118.082
G1 F1200 X114.132 Y114.969 E140.11003
G0 F7200 X114.698 Y114.969
G1 F1200 X111.02 Y118.648 E140.19827
G0 F7200 X111.02 Y119.213
G1 F1200 X115.264 Y114.969 E140.30008
G0 F7200 X115.829 Y114.969
G1 F1200 X111.02 Y119.779 E140.41545
G0 F7200 X111.02 Y120.345
G1 F1200 X116.395 Y114.969 E140.5444
G0 F7200 X116.961 Y114.969
G1 F1200 X111.02 Y120.911 E140.68693
G0 F7200 X111.02 Y121.476
G1 F1200 X117.526 Y114.969 E140.84302
G0 F7200 X117.979 Y115.083
G1 F1200 X111.032 Y122.029 E141.00965
G0 F7200 X111.598 Y122.029
G1 F1200 X117.979 Y115.648 E141.16273
G0 F7200 X117.979 Y116.214
G1 F1200 X112.164 Y122.029 E141.30222
G0 F7200 X112.729 Y122.029
G1 F1200 X117.979 Y116.78 E141.42815
G0 F7200 X117.979 Y117.345
G1 F1200 X113.295 Y122.029 E141.54052
G0 F7200 X113.861 Y122.029
G1 F1200 X117.979 Y117.911 E141.6393
G0 F7200 X117.979 Y118.477
G1 F1200 X114.426 Y122.029 E141.72452
G0 F7200 X114.992 Y122.029
G1 F1200 X117.979 Y119.042 E141.79618
G0 F7200 X117.979 Y119.608
G1 F1200 X115.558 Y122.029 E141.85425
G0 F7200 X116.123 Y122.029
G1 F1200 X117.979 Y120.174 E141.89877
G0 F7200 X117.979 Y120.739
G1 F1200 X116.689 Y122.029 E141.92971
G0 F7200 X117.255 Y122.029
G1 F1200 X117.979 Y121.305 E141.94708
G0 F7200 X117.979 Y121.871
G1 F1200 X117.82 Y122.029 E141.95088
;MESH:NONMESH
G0 F300 X117.82 Y122.029 Z2.7
G0 F7200 X117.82 Y122.45
G0 X110.672 Y122.378
G0 X110.5 Y114.45
;TIME_ELAPSED:478.312849
;LAYER:26
;TYPE:WALL-INNER
;MESH:shim_v6.stl
G1 F1500 X110.5 Y122.55 E142.08558
G1 X118.5 Y122.55 E142.21863
G1 X118.5 Y114.45 E142.35333
G1 X110.5 Y114.45 E142.48637
G0 F7200 X110.1 Y114.2
G1 F1500 X110.1 Y122.8 E142.62939
G1 X110.25 Y122.95 E142.63292
G1 X118.75 Y122.95 E142.77427
G1 X118.9 Y122.8 E142.7778
G1 X118.9 Y114.2 E142.92082
G1 X118.75 Y114.05 E142.92435
G1 X110.25 Y114.05 E143.0657
G1 X110.1 Y114.2 E143.06923
G0 F7200 X109.7 Y114.034
;TYPE:WALL-OUTER
G1 F1500 X109.7 Y122.966 E143.21777
G1 X110.084 Y123.35 E143.2268
G1 X118.916 Y123.35 E143.37368
G1 X119.3 Y122.966 E143.38271
G1 X119.3 Y114.034 E143.53125
G1 X118.916 Y113.65 E143.54028
G1 X110.084 Y113.65 E143.68715
G1 X109.7 Y114.034 E143.69619
G0 F7200 X110.392 Y114.32
G0 X110.6 Y114.77
G0 X110.82 Y114.77
;TYPE:SKIN
G1 F1200 X110.82 Y122.23 E143.82273
G1 X118.18 Y122.23 E143.94757
G1 X118.18 Y114.77 E144.07411
G1 X110.82 Y114.77 E144.19896
G0 F7200 X110.6 Y114.77
G0 X118.328 Y114.622
G0 X118.4 Y115.151
G0 X117.98 Y115.151
G1 F1200 X117.798 Y114.969 E144.20333
G0 F7200 X117.232 Y114.969
G1 F1200 X117.98 Y115.717 E144.22127
G0 F7200 X117.98 Y116.283
G1 F1200 X116.666 Y114.969 E144.25279
G0 F7200 X116.101 Y114.969
G1 F1200 X117.98 Y116.848 E144.29787
G0 F7200 X117.98 Y117.414
G1 F1200 X115.535 Y114.969 E144.35652
G0 F7200 X114.969 Y114.969
G1 F1200 X117.98 Y117.98 E144.42875
G0 F7200 X117.98 Y118.545
G1 F1200 X114.404 Y114.969 E144.51453
G0 F7200 X113.838 Y114.969
G1 F1200 X117.98 Y119.111 E144.61389
G0 F7200 X117.98 Y119.677
G1 F1200 X113.272 Y114.969 E144.72683
G0 F7200 X112.707 Y114.969
G1 F1200 X117.98 Y120.242 E144.85333
G0 F7200 X117.98 Y120.808
G1 F1200 X112.141 Y114.969 E144.9934
G0 F7200 X111.575 Y114.969
G1 F1200 X117.98 Y121.374 E145.14705
G0 F7200 X117.98 Y121.939
G1 F1200 X111.02 Y114.979 E145.31401
G0 F7200 X111.02 Y115.545
G1 F1200 X117.503 Y122.028 E145.46953
G0 F7200 X116.937 Y122.028
G1 F1200 X111.02 Y116.111 E145.61147
G0 F7200 X111.02 Y116.676
G1 F1200 X116.372 Y122.028 E145.73986
G0 F7200 X115.806 Y122.028
G1 F1200 X111.02 Y117.242 E145.85467
G0 F7200 X111.02 Y117.808
G1 F1200 X115.24 Y122.028 E145.9559
G0 F7200 X114.675 Y122.028
G1 F1200 X111.02 Y118.373 E146.04358
G0 F7200 X111.02 Y118.939
G1 F1200 X114.109 Y122.028 E146.11768
G0 F7200 X113.543 Y122.028
G1 F1200 X111.02 Y119.505 E146.17821
G0 F7200 X111.02 Y120.07
G1 F1200 X112.977 Y122.028 E146.22516
G0 F7200 X112.412 Y122.028
G1 F1200 X111.02 Y120.636 E146.25856
G0 F7200 X111.02 Y121.202
G1 F1200 X111.846 Y122.028 E146.27837
G0 F7200 X111.28 Y122.028
G1 F1200 X111.02 Y121.768 E146.28461
;MESH:NONMESH
G0 F300 X111.02 Y121.768 Z2.8
G0 F7200 X110.6 Y121.768
G0 X110.5 Y114.45
;TIME_ELAPSED:493.078860
;LAYER:27
;TYPE:WALL-INNER
;MESH:shim_v6.stl
G1 F1500 X110.5 Y122.55 E146.41931
G1 X118.5 Y122.55 E146.55235
G1 X118.5 Y114.45 E146.68706
G1 X110.5 Y114.45 E146.8201
G0 F7200 X110.25 Y114.05
G1 F1500 X110.1 Y114.2 E146.82362
G1 X110.1 Y114.305 E146.82537
G1 X110.1 Y122.8 E146.96664
G1 X110.25 Y122.95 E146.97017
G1 X118.75 Y122.95 E147.11153
G1 X118.9 Y122.8 E147.11505
G1 X118.9 Y114.2 E147.25807
G1 X118.75 Y114.05 E147.2616
G1 X110.25 Y114.05 E147.40296
G0 F7200 X110.084 Y113.65
;TYPE:WALL-OUTER
G1 F1500 X109.7 Y114.034 E147.41199
G1 X109.7 Y114.305 E147.41649
G1 X109.7 Y122.966 E147.56053
G1 X110.084 Y123.35 E147.56956
G1 X118.916 Y123.35 E147.71644
G1 X119.3 Y122.966 E147.72547
G1 X119.3 Y114.034 E147.87401
G1 X118.916 Y113.65 E147.88304
G1 X110.084 Y113.65 E148.02991
G0 F7200 X110.37 Y114.342
G0 X110.6 Y114.77
G0 X110.82 Y114.77
;TYPE:SKIN
G1 F1200 X110.82 Y122.23 E148.15646
G1 X118.18 Y122.23 E148.2813
G1 X118.18 Y114.77 E148.40784
G1 X110.82 Y114.77 E148.53269
G0 F7200 X111.304 Y114.969
G1 F1200 X111.02 Y115.254 E148.53951
G0 F7200 X111.02 Y115.819
G1 F1200 X111.869 Y114.969 E148.55989
G0 F7200 X112.435 Y114.969
G1 F1200 X111.02 Y116.385 E148.59385
G0 F7200 X111.02 Y116.951
G1 F1200 X113.001 Y114.969 E148.64138
G0 F7200 X113.567 Y114.969
G1 F1200 X111.02 Y117.516 E148.70248
G0 F7200 X111.02 Y118.082
G1 F1200 X114.132 Y114.969 E148.77715
G0 F7200 X114.698 Y114.969
G1 F1200 X111.02 Y118.648 E148.86539
G0 F7200 X111.02 Y119.213
G1 F1200 X115.264 Y114.969 E148.9672
G0 F7200 X115.829 Y114.969
G1 F1200 X111.02 Y119.779 E149.08257
G0 F7200 X111.02 Y120.345
G1 F1200 X116.395 Y114.969 E149.21152
G0 F7200 X116.961 Y114.969
G1 F1200 X111.02 Y120.911 E149.35405
G0 F7200 X111.02 Y121.476
G1 F1200 X117.526 Y114.969 E149.51014
G0 F7200 X117.979 Y115.083
G1 F1200 X111.032 Y122.029 E149.67677
G0 F7200 X111.598 Y122.029
G1 F1200 X117.979 Y115.648 E149.82985
G0 F7200 X117.979 Y116.214
G1 F1200 X112.164 Y122.029 E149.96934
G0 F7200 X112.729 Y122.029
G1 F1200 X117.979 Y116.78 E150.09527
G0 F7200 X117.979 Y117.345
G1 F1200 X113.295 Y122.029 E150.20764
G0 F7200 X113.861 Y122.029
G1 F1200 X117.979 Y117.911 E150.30642
G0 F7200 X117.979 Y118.477
G1 F1200 X114.426 Y122.029 E150.39164
G0 F7200 X114.992 Y122.029
G1 F1200 X117.979 Y119.042 E150.4633
G0 F7200 X117.979 Y119.608
G1 F1200 X115.558 Y122.029 E150.52137
G0 F7200 X116.123 Y122.029
G1 F1200 X117.979 Y120.174 E150.56589
G0 F7200 X117.979 Y120.739
G1 F1200 X116.689 Y122.029 E150.59683
G0 F7200 X117.255 Y122.029
G1 F1200 X117.979 Y121.305 E150.6142
G0 F7200 X117.979 Y121.871
G1 F1200 X117.82 Y122.029 E150.618
;MESH:NONMESH
G0 F300 X117.82 Y122.029 Z2.9
G0 F7200 X117.82 Y122.45
G0 X110.672 Y122.378
G0 X110.5 Y114.45
;TIME_ELAPSED:507.766564
;LAYER:28
;TYPE:WALL-INNER
;MESH:shim_v6.stl
G1 F1500 X110.5 Y122.55 E150.7527
G1 X118.5 Y122.55 E150.88575
G1 X118.5 Y114.45 E151.02045
G1 X110.5 Y114.45 E151.15349
G0 F7200 X110.1 Y114.2
G1 F1500 X110.1 Y122.8 E151.29651
G1 X110.25 Y122.95 E151.30004
G1 X118.75 Y122.95 E151.44139
G1 X118.9 Y122.8 E151.44492
G1 X118.9 Y114.2 E151.58794
G1 X118.75 Y114.05 E151.59147
G1 X110.25 Y114.05 E151.73282
G1 X110.1 Y114.2 E151.73635
G0 F7200 X109.7 Y114.034
;TYPE:WALL-OUTER
G1 F1500 X109.7 Y122.966 E151.88489
G1 X110.084 Y123.35 E151.89392
G1 X118.916 Y123.35 E152.0408
G1 X119.3 Y122.966 E152.04983
G1 X119.3 Y114.034 E152.19837
G1 X118.916 Y113.65 E152.2074
G1 X110.084 Y113.65 E152.35427
G1 X109.7 Y114.034 E152.36331
G0 F7200 X110.392 Y114.32
G0 X110.6 Y114.85
G0 X110.9 Y114.85
;TYPE:SKIN
G1 F1200 X110.9 Y122.15 E152.48713
G1 X118.1 Y122.15 E152.60926
G1 X118.1 Y114.85 E152.73309
G1 X110.9 Y114.85 E152.85522
G0 F7200 X110.6 Y114.85
G0 X117.699 Y114.55
G0 X117.699 Y115.249
;TYPE:SKIN
G1 F1200 X117.512 Y115.249 E152.8584
G1 X117.7 Y115.437 E152.86291
G1 X117.7 Y116.002 E152.87249
G1 X116.946 Y115.249 E152.89056
G1 X116.381 Y115.249 E152.90015
G1 X117.7 Y116.568 E152.93179
G1 X117.7 Y117.134 E152.94139
G1 X115.815 Y115.249 E152.98661
G1 X115.249 Y115.249 E152.99621
G1 X117.7 Y117.7 E153.05501
G1 X117.7 Y118.265 E153.06459
G1 X114.684 Y115.249 E153.13694
G1 X114.118 Y115.249 E153.14654
G1 X117.7 Y118.831 E153.23247
G1 X117.7 Y119.397 E153.24207
G1 X113.552 Y115.249 E153.34158
G1 X112.987 Y115.249 E153.35116
G1 X117.7 Y119.962 E153.46422
G1 X117.7 Y120.528 E153.47382
G1 X112.421 Y115.249 E153.60046
G1 X111.855 Y115.249 E153.61006
G1 X117.7 Y121.094 E153.75027
G1 X117.7 Y121.659 E153.75986
G1 X111.3 Y115.259 E153.91339
G1 X111.3 Y115.825 E153.92299
G1 X117.223 Y121.748 E154.06507
G1 X116.657 Y121.748 E154.07467
G1 X111.3 Y116.391 E154.20318
G1 X111.3 Y116.956 E154.21277
G1 X116.092 Y121.748 E154.32772
G1 X115.526 Y121.748 E154.33732
G1 X111.3 Y117.522 E154.4387
G1 X111.3 Y118.088 E154.4483
G1 X114.96 Y121.748 E154.5361
G1 X114.395 Y121.748 E154.54568
G1 X111.3 Y118.653 E154.61993
G1 X111.3 Y119.219 E154.62953
G1 X113.829 Y121.748 E154.6902
G1 X113.263 Y121.748 E154.6998
G1 X111.3 Y119.785 E154.74689
G1 X111.3 Y120.35 E154.75647
G1 X112.697 Y121.748 E154.79
G1 X112.132 Y121.748 E154.79958
G1 X111.3 Y120.916 E154.81954
G1 X111.3 Y121.482 E154.82914
G1 X111.566 Y121.748 E154.83552
G1 X111.3 Y121.749 E154.84003
;MESH:NONMESH
G0 F300 X111.3 Y121.749 Z3
G0 F7200 X110.6 Y121.749
G0 X110.5 Y114.45
;TIME_ELAPSED:521.088537
;LAYER:29
;TYPE:WALL-INNER
;MESH:shim_v6.stl
G1 F1500 X110.5 Y122.55 E154.97474
G1 X118.5 Y122.55 E155.10778
G1 X118.5 Y114.45 E155.24248
G1 X110.5 Y114.45 E155.37552
G0 F7200 X110.1 Y114.2
G1 F1500 X110.1 Y122.8 E155.51854
G1 X110.25 Y122.95 E155.52207
G1 X118.75 Y122.95 E155.66342
G1 X118.9 Y122.8 E155.66695
G1 X118.9 Y114.2 E155.80997
G1 X118.75 Y114.05 E155.8135
G1 X110.25 Y114.05 E155.95485
G1 X110.1 Y114.2 E155.95838
G0 F7200 X109.7 Y114.034
;TYPE:WALL-OUTER
G1 F1500 X109.7 Y122.966 E156.10692
G1 X110.084 Y123.35 E156.11595
G1 X118.916 Y123.35 E156.26283
G1 X119.3 Y122.966 E156.27186
G1 X119.3 Y114.034 E156.4204
G1 X118.916 Y113.65 E156.42943
G1 X110.084 Y113.65 E156.57631
G1 X109.7 Y114.034 E156.58534
G0 F7200 X110.392 Y114.32
G0 X110.6 Y114.85
G0 X110.9 Y114.85
;TYPE:SKIN
G1 F1200 X110.9 Y122.15 E156.70916
G1 X118.1 Y122.15 E156.8313
G1 X118.1 Y114.85 E156.95512
G1 X110.9 Y114.85 E157.07725
G0 F7200 X111.3 Y115.249
;TYPE:SKIN
G1 F1200 X111.3 Y115.539 E157.08217
G0 F7200 X111.589 Y115.249
G1 F1200 X111.3 Y115.539 E157.08912
G1 X111.3 Y116.105 E157.09872
G1 X112.155 Y115.249 E157.11924
G1 X112.721 Y115.249 E157.12884
G1 X111.3 Y116.671 E157.16294
G1 X111.3 Y117.236 E157.17253
G1 X113.286 Y115.249 E157.22018
G1 X113.852 Y115.249 E157.22978
G1 X111.3 Y117.802 E157.29101
G1 X111.3 Y118.368 E157.30061
G1 X114.418 Y115.249 E157.37542
G1 X114.984 Y115.249 E157.38502
G1 X111.3 Y118.933 E157.4734
G1 X111.3 Y119.499 E157.483
G1 X115.549 Y115.249 E157.58494
G1 X116.115 Y115.249 E157.59454
G1 X111.3 Y120.065 E157.71006
G1 X111.3 Y120.631 E157.71966
G1 X116.681 Y115.249 E157.84876
G1 X117.246 Y115.249 E157.85834
G1 X111.3 Y121.196 E158.00099
G1 X111.3 Y121.749 E158.01037
G1 X111.312 Y121.749 E158.01057
G1 X117.699 Y115.363 E158.16378
G1 X117.699 Y115.928 E158.17336
G1 X111.878 Y121.749 E158.313
G1 X112.444 Y121.749 E158.3226
G1 X117.699 Y116.494 E158.44866
G1 X117.699 Y117.06 E158.45826
G1 X113.009 Y121.749 E158.57076
G1 X113.575 Y121.749 E158.58036
G1 X117.699 Y117.625 E158.67929
G1 X117.699 Y118.191 E158.68889
G1 X114.141 Y121.749 E158.77424
G1 X114.706 Y121.749 E158.78383
G1 X117.699 Y118.757 E158.85561
G1 X117.699 Y119.322 E158.8652
G1 X115.272 Y121.749 E158.92342
G1 X115.838 Y121.749 E158.93302
G1 X117.699 Y119.888 E158.97766
G1 X117.699 Y120.454 E158.98726
G1 X116.403 Y121.749 E159.01834
G1 X116.969 Y121.749 E159.02794
G1 X117.699 Y121.019 E159.04545
G1 X117.699 Y121.585 E159.05506
G0 F7200 X117.535 Y121.749
G1 F1200 X117.699 Y121.585 E159.05899
G1 X117.7 Y121.748 E159.06175
G0 F7200 X118.4 Y121.748
G0 X118.608 Y114.32
G0 X119.195 Y114.077
G0 X119.144 Y114.194
;TYPE:SKIN
G1 F3600 X118.755 Y113.805 E159.06244
G1 X118.613 Y113.805 E159.06262
G1 X119.144 Y114.336 E159.06355
G1 X119.144 Y114.477 E159.06373
G1 X118.472 Y113.805 E159.06492
G1 X118.33 Y113.805 E159.06509
G1 X119.144 Y114.619 E159.06653
G1 X119.144 Y114.76 E159.0667
G1 X118.189 Y113.805 E159.06839
G1 X118.047 Y113.805 E159.06857
G1 X119.144 Y114.902 E159.0705
G1 X119.144 Y115.043 E159.07068
G1 X117.906 Y113.805 E159.07286
G1 X117.765 Y113.805 E159.07304
G1 X119.144 Y115.184 E159.07547
G1 X119.144 Y115.326 E159.07565
G1 X117.623 Y113.805 E159.07833
G1 X117.482 Y113.805 E159.0785
G1 X119.144 Y115.467 E159.08144
G1 X119.144 Y115.609 E159.08161
G1 X117.34 Y113.805 E159.0848
G1 X117.199 Y113.805 E159.08497
G1 X119.144 Y115.75 E159.0884
G1 X119.144 Y115.891 E159.08858
G1 X117.057 Y113.805 E159.09226
G1 X116.916 Y113.805 E159.09243
G1 X119.144 Y116.033 E159.09636
G1 X119.144 Y116.174 E159.09654
G1 X116.775 Y113.805 E159.10072
G1 X116.633 Y113.805 E159.1009
G1 X119.144 Y116.316 E159.10532
G1 X119.144 Y116.457 E159.1055
G1 X116.492 Y113.805 E159.11018
G1 X116.35 Y113.805 E159.11036
G1 X119.144 Y116.599 E159.11528
G1 X119.144 Y116.74 E159.11546
G1 X116.209 Y113.805 E159.12064
G1 X116.068 Y113.805 E159.12081
G1 X119.144 Y116.881 E159.12624
G1 X119.144 Y117.023 E159.12642
G1 X115.926 Y113.805 E159.13209
G1 X115.785 Y113.805 E159.13227
G1 X119.144 Y117.164 E159.13819
G1 X119.144 Y117.306 E159.13837
G1 X115.643 Y113.805 E159.14454
G1 X115.502 Y113.805 E159.14472
G1 X119.144 Y117.447 E159.15114
G1 X119.144 Y117.589 E159.15132
G1 X115.36 Y113.805 E159.158
G1 X115.219 Y113.805 E159.15817
G1 X119.144 Y117.73 E159.1651
G1 X119.144 Y117.871 E159.16527
G1 X115.078 Y113.805 E159.17244
G1 X114.936 Y113.805 E159.17262
G1 X119.144 Y118.013 E159.18004
G1 X119.144 Y118.154 E159.18022
G1 X114.795 Y113.805 E159.18789
G1 X114.653 Y113.805 E159.18807
G1 X119.144 Y118.296 E159.19599
G1 X119.144 Y118.437 E159.19616
G1 X114.512 Y113.805 E159.20433
G1 X114.37 Y113.804 E159.20451
G1 X119.144 Y118.578 E159.21293
G1 X119.144 Y118.72 E159.21311
G1 X114.228 Y113.804 E159.22178
G1 X114.087 Y113.804 E159.22196
G1 X119.144 Y118.861 E159.23088
G1 X119.144 Y119.003 E159.23105
G1 X113.946 Y113.804 E159.24022
G1 X113.804 Y113.804 E159.2404
G1 X119.144 Y119.144 E159.24982
G1 X119.144 Y119.286 E159.25
G1 X113.663 Y113.804 E159.25967
G1 X113.521 Y113.804 E159.25984
G1 X119.144 Y119.427 E159.26976
G1 X119.144 Y119.568 E159.26994
G1 X113.38 Y113.804 E159.2801
G1 X113.238 Y113.804 E159.28028
G1 X119.144 Y119.71 E159.2907
G1 X119.144 Y119.851 E159.29087
G1 X113.097 Y113.804 E159.30154
G1 X112.956 Y113.804 E159.30172
G1 X119.144 Y119.993 E159.31263
G1 X119.144 Y120.134 E159.31281
G1 X112.814 Y113.804 E159.32397
G1 X112.673 Y113.804 E159.32415
G1 X119.144 Y120.276 E159.33556
G1 X119.144 Y120.417 E159.33574
G1 X112.531 Y113.804 E159.3474
G1 X112.39 Y113.804 E159.34758
G1 X119.144 Y120.558 E159.35949
G1 X119.144 Y120.7 E159.35967
G1 X112.248 Y113.804 E159.37183
G1 X112.107 Y113.804 E159.37201
G1 X119.144 Y120.841 E159.38442
G1 X119.144 Y120.983 E159.3846
G1 X111.966 Y113.804 E159.39726
G1 X111.824 Y113.804 E159.39744
G1 X119.144 Y121.124 E159.41035
G1 X119.144 Y121.265 E159.41053
G1 X111.683 Y113.804 E159.42369
G1 X111.541 Y113.804 E159.42386
G1 X119.144 Y121.407 E159.43727
G1 X119.144 Y121.548 E159.43745
G1 X111.4 Y113.804 E159.45111
G1 X111.259 Y113.804 E159.45129
G1 X119.144 Y121.69 E159.4652
G1 X119.144 Y121.831 E159.46537
G1 X111.117 Y113.804 E159.47953
G1 X110.976 Y113.804 E159.47971
G1 X119.144 Y121.973 E159.49411
G1 X119.144 Y122.114 E159.49429
G1 X110.834 Y113.804 E159.50895
G1 X110.693 Y113.804 E159.50912
G1 X119.144 Y122.255 E159.52403
G1 X119.144 Y122.397 E159.52421
G1 X110.551 Y113.804 E159.53936
G1 X110.41 Y113.804 E159.53954
G1 X119.144 Y122.538 E159.55495
G1 X119.144 Y122.68 E159.55512
G1 X110.269 Y113.804 E159.57078
G1 X110.136 Y113.813 E159.57094
G1 X119.144 Y122.821 E159.58683
G1 X119.114 Y122.932 E159.58698
G1 X110.066 Y113.884 E159.60294
G1 X109.995 Y113.955 E159.60306
G1 X119.043 Y123.003 E159.61902
G1 X118.972 Y123.074 E159.61915
G1 X109.924 Y114.025 E159.63511
G1 X109.854 Y114.095 E159.63523
G1 X118.902 Y123.144 E159.65119
G1 X118.81 Y123.194 E159.65132
G1 X109.854 Y114.238 E159.66712
G1 X109.854 Y114.38 E159.6673
G1 X118.668 Y123.194 E159.68284
G1 X118.527 Y123.194 E159.68302
G1 X109.854 Y114.521 E159.69832
G1 X109.854 Y114.663 E159.69849
G1 X118.385 Y123.194 E159.71354
G1 X118.244 Y123.194 E159.71372
G1 X109.854 Y114.804 E159.72852
G1 X109.854 Y114.945 E159.72869
G1 X118.103 Y123.194 E159.74324
G1 X117.961 Y123.194 E159.74342
G1 X109.854 Y115.087 E159.75772
G1 X109.854 Y115.228 E159.7579
G1 X117.82 Y123.194 E159.77195
G1 X117.678 Y123.194 E159.77212
G1 X109.854 Y115.37 E159.78592
G1 X109.854 Y115.511 E159.7861
G1 X117.537 Y123.194 E159.79965
G1 X117.395 Y123.194 E159.79983
G1 X109.854 Y115.652 E159.81313
G1 X109.854 Y115.794 E159.81331
G1 X117.254 Y123.194 E159.82636
G1 X117.113 Y123.194 E159.82654
G1 X109.854 Y115.935 E159.83934
G1 X109.854 Y116.077 E159.83952
G1 X116.971 Y123.194 E159.85207
G1 X116.83 Y123.194 E159.85225
G1 X109.854 Y116.218 E159.86455
G1 X109.854 Y116.36 E159.86473
G1 X116.688 Y123.194 E159.87678
G1 X116.547 Y123.194 E159.87696
G1 X109.854 Y116.501 E159.88877
G1 X109.854 Y116.642 E159.88894
G1 X116.406 Y123.194 E159.9005
G1 X116.264 Y123.194 E159.90068
G1 X109.854 Y116.784 E159.91198
G1 X109.854 Y116.925 E159.91216
G1 X116.123 Y123.194 E159.92322
G1 X115.981 Y123.194 E159.92339
G1 X109.854 Y117.067 E159.9342
G1 X109.854 Y117.208 E159.93438
G1 X115.84 Y123.194 E159.94494
G1 X115.698 Y123.194 E159.94511
G1 X109.854 Y117.35 E159.95542
G1 X109.854 Y117.491 E159.9556
G1 X115.557 Y123.194 E159.96566
G1 X115.416 Y123.194 E159.96583
G1 X109.854 Y117.632 E159.97564
G1 X109.854 Y117.774 E159.97582
G1 X115.274 Y123.194 E159.98538
G1 X115.133 Y123.194 E159.98556
G1 X109.854 Y117.915 E159.99487
G1 X109.854 Y118.057 E159.99504
G1 X114.991 Y123.194 E160.00411
G1 X114.85 Y123.194 E160.00428
G1 X109.854 Y118.198 E160.01309
G1 X109.854 Y118.339 E160.01327
G1 X114.708 Y123.194 E160.02183
G1 X114.567 Y123.194 E160.02201
G1 X109.854 Y118.481 E160.03032
G1 X109.854 Y118.622 E160.0305
G1 X114.426 Y123.194 E160.03856
G1 X114.284 Y123.194 E160.03874
G1 X109.854 Y118.764 E160.04655
G1 X109.854 Y118.905 E160.04673
G1 X114.143 Y123.194 E160.05429
G1 X114.001 Y123.194 E160.05447
G1 X109.854 Y119.047 E160.06179
G1 X109.854 Y119.188 E160.06196
G1 X113.86 Y123.194 E160.06903
G1 X113.719 Y123.194 E160.0692
G1 X109.854 Y119.329 E160.07602
G1 X109.854 Y119.471 E160.0762
G1 X113.577 Y123.194 E160.08277
G1 X113.436 Y123.194 E160.08294
G1 X109.854 Y119.612 E160.08926
G1 X109.854 Y119.754 E160.08944
G1 X113.294 Y123.194 E160.0955
G1 X113.153 Y123.194 E160.09568
G1 X109.854 Y119.895 E160.1015
G1 X109.854 Y120.037 E160.10168
G1 X113.011 Y123.194 E160.10724
G1 X112.87 Y123.194 E160.10742
G1 X109.854 Y120.178 E160.11274
G1 X109.854 Y120.319 E160.11292
G1 X112.729 Y123.194 E160.11799
G1 X112.587 Y123.194 E160.11816
G1 X109.854 Y120.461 E160.12299
G1 X109.854 Y120.602 E160.12316
G1 X112.446 Y123.194 E160.12773
G1 X112.304 Y123.194 E160.12791
G1 X109.854 Y120.744 E160.13223
G1 X109.854 Y120.885 E160.13241
G1 X112.163 Y123.194 E160.13648
G1 X112.021 Y123.194 E160.13666
G1 X109.854 Y121.026 E160.14048
G1 X109.854 Y121.168 E160.14066
G1 X111.88 Y123.194 E160.14423
G1 X111.739 Y123.194 E160.14441
G1 X109.854 Y121.309 E160.14773
G1 X109.854 Y121.451 E160.14791
G1 X111.597 Y123.194 E160.15098
G1 X111.456 Y123.194 E160.15116
G1 X109.854 Y121.592 E160.15399
G1 X109.854 Y121.734 E160.15416
G1 X111.314 Y123.194 E160.15674
G1 X111.173 Y123.194 E160.15691
G1 X109.854 Y121.875 E160.15924
G1 X109.854 Y122.016 E160.15942
G1 X111.032 Y123.194 E160.16149
G1 X110.89 Y123.194 E160.16167
G1 X109.854 Y122.158 E160.1635
G1 X109.854 Y122.299 E160.16367
G1 X110.749 Y123.194 E160.16525
G1 X110.607 Y123.194 E160.16543
G1 X109.854 Y122.441 E160.16676
G1 X109.854 Y122.582 E160.16693
G1 X110.466 Y123.194 E160.16801
G1 X110.324 Y123.194 E160.16819
G1 X109.854 Y122.724 E160.16902
G1 X109.854 Y122.865 E160.1692
G1 X110.183 Y123.194 E160.16978
;TIME_ELAPSED:560.823663
G1 F2700 E155.16978
M140 S0
M107
G91 ;Relative positioning
G1 E-2 F2700 ;Retract a bit
G1 E-2 Z0.2 F2400 ;Retract and raise Z
G1 X5 Y5 F3000 ;Wipe out
G1 Z10 ;Raise Z more
G90 ;Absolute positioning

G1 X0 Y235 ;Present print
M106 S0 ;Turn-off fan
M104 S0 ;Turn-off hotend
M140 S0 ;Turn-off bed

M84 X Y E ;Disable all steppers but Z
M82 ;absolute extrusion mode
M104 S0
;End of Gcode
;SETTING_3 {"global_quality": "[general]\\nversion = 4\\nname = PLA Production\\
;SETTING_3 ndefinition = creality_ender3\\n\\n[metadata]\\ntype = quality_change
;SETTING_3 s\\nquality_type = standard\\nsetting_version = 20\\n\\n[values]\\nad
;SETTING_3 hesion_type = brim\\nlayer_height = 0.1\\nlayer_height_0 = 0.1\\nprin
;SETTING_3 t_sequence = one_at_a_time\\nsupport_enable = True\\nsupport_type = b
;SETTING_3 uildplate\\n\\n", "extruder_quality": ["[general]\\nversion = 4\\nnam
;SETTING_3 e = PLA Production\\ndefinition = creality_ender3\\n\\n[metadata]\\nt
;SETTING_3 ype = quality_changes\\nquality_type = standard\\nintent_category = d
;SETTING_3 efault\\nposition = 0\\nsetting_version = 20\\n\\n[values]\\nbrim_wid
;SETTING_3 th = 10\\ninfill_pattern = zigzag\\ninfill_sparse_density = 100\\niro
;SETTING_3 ning_enabled = True\\nironing_flow = 30\\nironing_only_highest_layer 
;SETTING_3 = True\\nroofing_layer_count = 2\\nroofing_pattern = zigzag\\nskin_ma
;SETTING_3 terial_flow = 102\\nskin_overlap = 20\\nspeed_ironing = 60\\nspeed_to
;SETTING_3 pbottom = 20\\nspeed_travel = 120.0\\nsupport_infill_rate = 50\\nsupp
;SETTING_3 ort_interface_density = 20\\nsupport_interface_height = 0.35\\nsuppor
;SETTING_3 t_interface_pattern = zigzag\\nsupport_roof_enable = False\\nsupport_
;SETTING_3 wall_count = 0\\nsupport_xy_distance = 0.8\\nsupport_z_distance = 0.3
;SETTING_3 \\ntop_layers = 10\\ntop_thickness = 1\\nwall_line_count = 3\\nz_seam
;SETTING_3 _type = sharpest_corner\\n\\n"]}
